" Date","NCBA Close","NCBA Adj. Close","SCOM Close","SCOM Adj. Close","EQTY Close","EQTY Adj. Close","KCB Close","KCB Adj. Close","COOP Close","COOP Adj. Close","ABSA Close","ABSA Adj. Close","EABL Close","EABL Adj. Close","KEGN Close","KEGN Adj. Close","KNRE Close","KNRE Adj. Close","CENTUM Close","CENTUM Adj. Close"
01-24-2022,25.85,20.000145121495,37.3,33.25927109299,51.5,43.0390799762,44.95,40.53405085901,13.1,10.57131950264,11.8,9.41991886266,157.5,141.425862354,4.14,3.36623376609,2.27,1.940179628821,588.55,583.486206260135
01-25-2022,25.1,19.41987011797,36.55,32.590518993265,51.75,43.2480075489,44.55,40.17334740309,12.75,10.2888796686,11.8,9.41991886266,156.5,140.5279203708,4.11,3.3418407677850004,2.32,1.982914862936,589.75,584.675881644575
01-26-2022,25.5,19.72935011985,35.95,32.055517313485005,50,41.78551454,45,40.579138791,13.1,10.57131950264,11.8,9.41991886266,157.25,141.2013768582,4.09,3.325578768915,2.28,1.948726675644,,
01-27-2022,25.3,19.57461011891,35.9,32.01093384017,50.25,41.9944421127,44.85,40.44387499503,12.9,10.40992531176,11.8,9.41991886266,155,139.18100739599998,4.08,3.31744776948,2.22,1.897444394706,585.75,580.710297029775
01-28-2022,25.4,19.65198011938,36.2,32.27843468006,50.25,41.9944421127,44.8,40.39878706304,12.95,10.45027385948,11.75,9.380003952225,161,144.5686592952,4.05,3.293054771175,2.22,1.897444394706,584.1,579.07449337617
01-31-2022,25.6,19.80672012032,36.9,32.90260330647,50.5,42.2033696854,45,40.579138791,12.95,10.45027385948,11.85,9.459833773095,165,148.160427228,4.04,3.28492377174,2.26,1.931632581998,582.35,577.339550107195
02-01-2022,25.55,19.768035120085,37.5,33.43760498625,52.75,44.0837178397,45,40.579138791,12.95,10.45027385948,11.8,9.41991886266,165,148.160427228,4,3.252399774,2.27,1.940179628821,582.1,577.09170106877
02-02-2022,25.3,19.57461011891,37.6,33.52677193288,53,44.2926454124,46.25,41.70633709075,13,10.4906224072,11.85,9.459833773095,167,149.9563111944,4,3.252399774,2.27,1.940179628821,577.85,572.878267415545
02-03-2022,26,20.1162001222,37.8,33.70510582614,53,44.2926454124,47,42.3826560706,13.05,10.53097095492,11.8,9.41991886266,164.75,147.9359417322,4,3.252399774,2.23,1.905991441529,577.15,572.184290107955
02-04-2022,25.75,19.922775121025,38,33.8834397194,53,44.2926454124,47,42.3826560706,13,10.4906224072,11.9,9.49974868353,163.25,146.5890287574,4,3.252399774,2.22,1.897444394706,559.6,554.7852876105201
02-07-2022,25.55,19.768035120085,38.05,33.928023192715,53,44.2926454124,46.75,42.15721641065,12.95,10.45027385948,11.4,9.10059957918,162.75,146.14005776579998,3.99,3.2442687745650005,2.27,1.940179628821,562.35,557.511627033195
02-08-2022,25.5,19.72935011985,38.9,34.68594223907,52.75,44.0837178397,46.45,41.886688818710006,13,10.4906224072,11.4,9.10059957918,163,146.3645432616,4,3.252399774,2.22,1.897444394706,545.7,541.00488107409
02-09-2022,25.6,19.80672012032,38.3,34.15094055929,52.5,43.874790267,46,41.4808974308,12.9,10.40992531176,11.55,9.220344310485,163.5,146.8135142532,4,3.252399774,2.22,1.897444394706,549.15,544.425197804355
02-10-2022,25.35,19.613295119145,38.7,34.50760834581,53,44.2926454124,46,41.4808974308,12.85,10.36957676404,11.6,9.26025922092,163.5,146.8135142532,4,3.252399774,2.24,1.914538488352,549.15,544.425197804355
02-11-2022,25.25,19.535925118675,38.5,34.32927445255,53.25,44.501572985100005,45.3,40.84966638294,12.95,10.45027385948,11.65,9.300174131355,160,143.670717312,4,3.252399774,2.25,1.923085535175,545.1,540.41004338187
02-14-2022,25.5,19.72935011985,38.1,33.97260666603,53.5,44.7105005578,45.65,41.16528190687,13,10.4906224072,11.75,9.380003952225,160.5,144.1196883036,3.99,3.2442687745650005,2.24,1.914538488352,485.85,481.669821275145
02-15-2022,25.5,19.72935011985,37.35,33.303854566305,53.25,44.501572985100005,45.95,41.43580949881,13,10.4906224072,11.7,9.34008904179,160,143.670717312,3.99,3.2442687745650005,2.28,1.948726675644,483.15,478.993051660155
02-16-2022,25.25,19.535925118675,37.65,33.571355406195,53.25,44.501572985100005,45.8,41.30054570284,13.05,10.53097095492,11.7,9.34008904179,160.75,144.34417379939998,3.99,3.2442687745650005,2.26,1.931632581998,488.45,484.247451274765
02-17-2022,25.2,19.49724011844,37.95,33.838856246085,53,44.2926454124,45.9,41.39072156682,13.05,10.53097095492,11.75,9.380003952225,160,143.670717312,3.98,3.23613777513,2.28,1.948726675644,487.25,483.057775890325
02-18-2022,25.05,19.381185117735,37.95,33.838856246085,52.5,43.874790267,46,41.4808974308,13.15,10.61166805036,12,9.5795785044,162,145.4666012784,3.98,3.23613777513,2.26,1.931632581998,461.3,457.33104570181
02-21-2022,25.05,19.381185117735,37.95,33.838856246085,52.5,43.874790267,46,41.4808974308,13.15,10.61166805036,12,9.5795785044,162,145.4666012784,3.95,3.2117447768250003,2.28,1.948726675644,441.8,437.99882070466
02-22-2022,25.2,19.49724011844,37.85,33.749689299455,52,43.4569351216,45.95,41.43580949881,13.15,10.61166805036,11.9,9.49974868353,162,145.4666012784,3.9,3.17108977965,2.26,1.931632581998,443.75,439.932043204375
02-23-2022,25.4,19.65198011938,36.6,32.63510246658,52,43.4569351216,46,41.4808974308,13.15,10.61166805036,12.2,9.73923814614,161.75,145.2421157826,3.91,3.1792207790850004,2.28,1.948726675644,432.45,428.729266667565
02-24-2022,25.05,19.381185117735,34.55,30.807180060665,51.5,43.0390799762,45,40.579138791,13,10.4906224072,12.1,9.65940832527,160,143.670717312,3.9,3.17108977965,2.26,1.931632581998,413.65,410.09101897800497
02-25-2022,24.2,18.72354011374,35.65,31.788016473595,51.75,43.2480075489,44.95,40.53405085901,12.85,10.36957676404,12,9.5795785044,159,142.77277532879998,3.9,3.17108977965,2.27,1.940179628821,441.6,437.80054147392
02-28-2022,23.85,18.452745112095,35.95,32.055517313485005,50,41.78551454,45,40.579138791,12.9,10.40992531176,11.9,9.49974868353,159,142.77277532879998,3.9,3.17108977965,2.27,1.940179628821,422.7,419.06315416899
03-01-2022,24.05,18.607485113035,36.15,32.233851206745,50,41.78551454,44.3,39.94790774314,12.95,10.45027385948,11.9,9.49974868353,156.5,143.92231458515,3.9,3.17108977965,2.27,1.940179628821,,
03-02-2022,23,17.7951001081,37,32.9917702531,50.25,41.9944421127,44.45,40.083171539110005,12.95,10.45027385948,12,9.5795785044,156.25,143.692406734375,3.9,3.17108977965,2.23,1.905991441529,419.05,415.444558207985
03-03-2022,24.35,18.839595114445,37.5,33.43760498625,51,42.6212248308,45.05,40.62422672299,13,10.4906224072,12,9.5795785044,156.25,143.692406734375,3.86,3.13856578191,2.28,1.948726675644,415.9,412.32166032383
03-04-2022,24.7,19.11039011609,37.5,33.43760498625,51.75,43.2480075489,45.35,40.894754314930005,12.95,10.45027385948,11.95,9.539663593965,156.75,144.152222435925,3.88,3.1548277807800003,2.29,1.957273722467,412,408.4552153244
03-07-2022,24.6,19.03302011562,36.7,32.72426941321,50.75,42.4122972581,44.9,40.48896292702,12.95,10.45027385948,11.85,9.459833773095,159.25,146.451300943675,3.82,3.10604178417,2.27,1.940179628821,403.5,400.02834801795
03-08-2022,24.5,18.95565011515,36.05,32.144684260115,50.5,42.2033696854,44.1,39.767556015180006,12.9,10.40992531176,12.2,9.73923814614,157.25,144.612038137475,3.84,3.12230378304,2.26,1.931632581998,420.3,416.6838034001101
03-09-2022,24.3,18.80091011421,35.1,31.29759826713,50.75,42.4122972581,44.4,40.03808360712,12.85,10.36957676404,12.1,9.65940832527,155,142.5428674805,3.81,3.0979107847350003,2.27,1.940179628821,419.3,415.69240724641
03-10-2022,24.7,19.11039011609,35.05,31.253014793815,51,42.6212248308,44.7,40.30861119906,12.95,10.45027385948,12.15,9.699323235705,154.5,142.08305177895,3.74,3.0409937886900003,2.26,1.931632581998,423.2,419.55885224584
03-11-2022,24.55,18.994335115385,35.5,31.65426605365,51.25,42.8301524035,44.7,40.30861119906,12.85,10.36957676404,12.1,9.65940832527,153,140.7036046743,3.78,3.07351778643,2.27,1.940179628821,422.85,419.211863592045
03-14-2022,24.2,18.72354011374,35.5,31.65426605365,51.25,42.8301524035,45.05,40.62422672299,12.9,10.40992531176,12.15,9.699323235705,150,137.944710465,3.75,3.0491247881250003,2.27,1.940179628821,414.2,410.63628686254
03-15-2022,24.35,18.839595114445,35.65,31.788016473595,51.25,42.8301524035,45,40.579138791,12.95,10.45027385948,12.25,9.779153056575,150,137.944710465,3.75,3.0491247881250003,2.26,1.931632581998,402.1,398.64039340277
03-16-2022,24.5,18.95565011515,35.4,31.56509910702,52.75,44.0837178397,45.05,40.62422672299,12.95,10.45027385948,12.2,9.73923814614,150,137.944710465,3.7,3.0084697909500004,2.3,1.96582076929,411.4,407.86037763218
03-17-2022,24.55,18.994335115385,34.95,31.163847847185004,51.75,43.2480075489,44.6,40.21843533508,13.05,10.53097095492,12.3,9.81906796701,149,137.02507906190002,3.7,3.0084697909500004,2.28,1.948726675644,424.2,420.55024839954
03-18-2022,24.95,19.303815117265,34.5,31.33642526175,52,43.4569351216,44.6,40.21843533508,13.3,10.73271369352,12.4,9.89889778788,149.5,137.48489476345,3.68,2.9922077920800003,2.27,1.940179628821,,
03-21-2022,24.95,19.303815117265,35.5,32.24472744325,51.25,42.8301524035,44.35,39.99299567513,13.2,10.65201659808,12.55,10.018642519185,150,137.944710465,3.65,2.967814793775,2.25,1.923085535175,421,417.3777807077
03-22-2022,24.8,19.18776011656,36.15,32.835123861225,51.75,43.2480075489,44,39.677380151200005,13.1,10.57131950264,12.4,9.89889778788,149,137.02507906190002,3.65,2.967814793775,2.25,1.923085535175,421.4,417.77433916918
03-23-2022,25.1,19.41987011797,35.95,32.653463424925,51,42.6212248308,44.2,39.857731879160006,12.95,10.45027385948,12.35,9.858982877445,148.5,136.56526336035,3.65,2.967814793775,2.25,1.923085535175,455.65,451.72965743340495
03-24-2022,25.5,19.72935011985,35.5,32.24472744325,51.5,43.0390799762,44.15,39.81264394717,12.95,10.45027385948,12.35,9.858982877445,149,137.02507906190002,3.64,2.95968379434,2.26,1.931632581998,445.55,441.716556281035
03-25-2022,25.9,20.03883012173,35.95,32.653463424925,51.5,43.0390799762,44,39.677380151200005,12.9,10.40992531176,12.35,9.858982877445,149.75,137.714802614225,3.64,2.95968379434,2.25,1.923085535175,439.5,435.71860955115
03-28-2022,26,20.1162001222,35.4,32.1538972251,51,42.6212248308,44.45,40.083171539110005,12.85,10.36957676404,12.5,9.97872760875,150.25,138.174618315775,3.54,2.8783737999900003,2.26,1.931632581998,426.25,422.582610514625
03-29-2022,25.7,19.88409012079,35.4,32.1538972251,51,42.6212248308,44.05,39.72246808319,12.9,10.40992531176,12.5,9.97872760875,151,138.8643418681,3.56,2.89463579886,2.28,1.948726675644,441.7,437.89968108929
03-30-2022,26,20.1162001222,35.05,31.835991461574995,50.75,42.4122972581,44.1,39.767556015180006,12.85,10.36957676404,12.35,9.858982877445,150,137.944710465,3.6,2.9271597966000003,2.28,1.948726675644,442.6,438.79193762762
03-31-2022,25.85,20.000145121495,34.15,31.018519498225,50.5,42.2033696854,44.05,39.72246808319,12.85,10.36957676404,12.45,9.938812698315,150,137.944710465,3.6,2.9271597966000003,2.25,1.923085535175,452.25,448.358910510825
04-01-2022,25.9,20.03883012173,34.5,31.33642526175,49.15,41.07516079282,44,39.677380151200005,12.6,10.16783402544,12.1,9.65940832527,150.75,138.634434017325,3.6,2.9271597966000003,2.21,1.888897347883,464.6,460.60265300902
04-04-2022,25.95,20.077515121965,35.35,32.108482116025,49.15,41.07516079282,43.5,39.2265008313,12.75,10.2888796686,12.35,9.858982877445,151,138.8643418681,3.57,2.902766798295,2.2,1.88035030106,472.3,468.23640339251
04-05-2022,26.15,20.232255122905,35.45,32.199312334175005,49.5,41.3676593946,43.55,39.27158876329,12.8,10.32922821632,12.3,9.81906796701,150.75,138.634434017325,3.59,2.919028797165,2.18,1.863256207414,494.85,490.592386658445
04-06-2022,26.6,20.58042012502,35.1,31.88140657065,49.8,41.61837248184,43.3,39.04614910334,12.8,10.32922821632,12.25,9.779153056575,151.25,139.094249718875,3.6,2.9271597966000003,2.2,1.88035030106,501.3,496.9868918498101
04-07-2022,26.45,20.464365124315,35.05,31.835991461574995,49.3,41.20051733644,43.05,38.82070944339,12.75,10.2888796686,12.35,9.858982877445,150,137.944710465,3.6,2.9271597966000003,2.23,1.905991441529,501.85,497.532159734345
04-08-2022,26.85,20.773845126195003,35,31.7905763525,49.3,41.20051733644,43,38.7756215114,12.7,10.24853112088,12.25,9.779153056575,150,137.944710465,3.6,2.9271597966000003,2.24,1.914538488352,519.75,515.278150885575
04-11-2022,27,20.8899001269,34.1,30.97310438915,49.75,41.5765869673,43.4,39.13632496732,12.55,10.12748547772,12.25,9.779153056575,149.5,137.48489476345,3.58,2.91089779773,2.24,1.914538488352,499.4,495.10323915778
04-12-2022,26.75,20.696475125725,34.7,31.51808569805,49.85,41.66015799638,43.25,39.00106117135,12.85,10.36957676404,12.3,9.81906796701,149,137.02507906190002,3.58,2.91089779773,2.23,1.905991441529,488.15,483.950032428655
04-13-2022,26.95,20.851215126665,35.45,32.199312334175005,49.75,41.5765869673,43.2,38.955973239360006,12.85,10.36957676404,12.35,9.858982877445,148.25,136.335355509575,3.59,2.919028797165,2.19,1.871803254237,489.7,485.48669646689
04-14-2022,26.85,20.773845126195003,35.3,32.06306700695,50,41.78551454,43.45,39.18141289931,12.85,10.36957676404,12.4,9.89889778788,148.25,136.335355509575,3.58,2.91089779773,2.19,1.871803254237,,
04-18-2022,,,,,,,,,,,,,,,,,,,496.7,492.42646954279
04-19-2022,26.5,20.50305012455,35,31.7905763525,49.65,41.49301593822,43.2,38.955973239360006,12.8,10.32922821632,12.55,10.018642519185,147,135.1858162557,3.57,2.902766798295,2.16,1.846162113768,486.7,482.51250800579
04-20-2022,26.15,20.232255122905,35.05,31.835991461574995,49.65,41.49301593822,42.9,38.68544564742,12.85,10.36957676404,12.55,10.018642519185,146,134.2661848526,3.58,2.91089779773,2.15,1.837615066945,493.6,489.35314146632
04-21-2022,26.1,20.19357012267,34.75,31.563500807125,50,41.78551454,43.15,38.91088530737,12.8,10.32922821632,12.7,10.13838725049,146,134.2661848526,3.58,2.91089779773,2.11,1.803426879653,497.6,493.31872608112
04-22-2022,26.2,20.27094012314,34.2,31.0639346073,49.75,41.5765869673,43,38.7756215114,12.65,10.20818257316,12.6,10.05855742962,144.75,133.116645598725,3.58,2.91089779773,2.13,1.820520973299,482.35,478.199934737195
04-25-2022,26.5,20.50305012455,34,30.882274171,49.95,41.743729025460006,42.5,38.3247421915,12.65,10.20818257316,12.6,10.05855742962,145,133.3465534495,3.56,2.89463579886,2.13,1.820520973299,480.5,476.36585185285
04-26-2022,26.35,20.386995123845,33.85,30.746028843775,49.45,41.32587388006,39.65,37.520395752255,12.65,10.20818257316,11.75,10.27722172165,145,133.3465534495,3.56,2.89463579886,2.1,1.79487983283,487.75,483.553473967175
04-27-2022,26,20.1162001222,33.8,30.7006137347,47.8,39.94695190024,38.9,36.81067830423,12.6,10.16783402544,10.75,9.40256455385,144.25,132.65682989717502,3.55,2.886504799425,2.14,1.829068020122,480.25,476.118002814425
04-28-2022,26,20.1162001222,33.7,30.609783516550003,47.9,40.03052292932,37.45,35.438557904715005,12.7,10.24853112088,9.98,8.729078534644001,144,132.4269220464,3.55,2.886504799425,2.15,1.837615066945,479.2,475.07703685304
04-29-2022,,,,,,,,,,,,,,,,,,,480.1,475.96929339137
05-02-2022,,,,,,,,,,,,,,,,,,,474.85,470.764463584445
05-04-2022,23.85,20.20089991023,33.5,30.42812308025,47.95,40.07230844386,37.3,35.29661441511,12.55,10.12748547772,9.98,8.729078534644001,144,132.4269220464,3.56,2.89463579886,2.16,1.846162113768,459.2,455.24911377904
05-05-2022,24.3,20.58204896514,32.95,29.928556880425003,47.5,39.696238813,36.95,34.965412939365,12.5,10.08713693,9.98,8.729078534644001,142.5,131.04747494175,3.56,2.89463579886,2.16,1.846162113768,467.4,463.37856223938
05-06-2022,24.95,21.13259760001,32,29.065669808,47.15,39.40374021122,36.25,34.303009987875,12.35,9.96609128684,9.94,8.694092247932,139,127.8287650309,3.59,2.919028797165,2.18,1.863256207414,468.2,464.17167916234
05-09-2022,25.25,21.38669696995,32.2,29.2473302443,46.05,38.48445889134,36.5,34.53958247055,12.5,10.08713693,10,8.746571678,139.75,128.518488583225,3.59,2.919028797165,2.19,1.871803254237,455.65,451.72965743340495
05-10-2022,25.6,21.68314623488,32.25,29.292745353375,45,37.606963086,35.85,33.924494015595,12.5,10.08713693,9.86,8.624119674508,140,128.748396434,3.57,2.902766798295,2.24,1.914538488352,456.6,452.67148377942
05-11-2022,25.95,21.97959549981,32.4,29.4289906806,44.95,37.565177571460005,35.7,33.782550525990004,12.4,10.00643983456,9.96,8.711585391288,140.5,129.20821213555,3.56,2.89463579886,2.25,1.923085535175,437,433.2401191669
05-12-2022,26.05,22.06429528979,31.85,28.929424480775,44.6,37.27267896968,35.85,33.924494015595,12.25,9.8853941914,9.94,8.694092247932,140.25,128.978304284775,3.58,2.91089779773,2.15,1.837615066945,420.25,416.634233592425
05-13-2022,26.5,22.4454443447,30.2,27.4307258813,45.5,38.024818231400005,35.75,33.829865022525,12.25,9.8853941914,9.7,8.48417452766,141.5,130.12784353865,3.55,2.886504799425,2.22,1.897444394706,428.55,424.86282166813504
05-16-2022,26.5,22.4454443447,30.3,27.52155609945,45.6,38.10838926048,35.4,33.49866354678,12.15,9.80469709596,9.86,8.624119674508,142.5,131.04747494175,3.55,2.886504799425,2.23,1.905991441529,411.8,408.25693609366
05-17-2022,26.1,22.10664518478,30.45,27.657801426675,46.25,38.6516009495,35.55,33.640607036385,12.25,9.8853941914,9.8,8.571640244440001,142.5,131.04747494175,3.52,2.86211180112,2.15,1.837615066945,424.7,421.04594647639
05-18-2022,26.6,22.53014413468,29.45,26.749499245175,45.85,38.31731683318,35,33.1201475745,12,9.6836514528,9.78,8.554147101084,140,128.748396434,3.51,2.853980801685,2.05,1.7521445987149995,429.1,425.4080895526701
05-19-2022,26.5,22.4454443447,28.05,25.477876191075,45.6,38.10838926048,35,33.1201475745,11.95,9.64330290508,9.74,8.519160814372,140,128.748396434,3.49,2.8377188028150004,2.01,1.7179564114229997,421.55,417.92304859223503
05-20-2022,26.25,22.23369486975,27.8,25.2508006457,44.7,37.356249998760006,35.3,33.40403455371,11.6,9.36086307104,9.76,8.536653957728,142.75,131.277382792525,3.42,2.78080180677,2.05,1.7521445987149995,437.95,434.181945512915
05-23-2022,26,22.0219453948,26.65,24.206253136975,43.05,38.565624998565,35.55,33.640607036385,11.6,9.36086307104,9.82,8.589133387796,141,129.6680278371,3.48,2.82958780338,2.01,1.7179564114229997,448.45,444.591605126765
05-24-2022,26.45,22.40309444971,26.35,23.933762482525,42,37.6249999986,35.95,34.019123008665005,11.55,9.32051452332,9.9,8.65910596122,141,129.6680278371,3.49,2.8377188028150004,2.02,1.726503458246,450.4,446.52482762648
05-25-2022,26.3,22.27604476474,26.55,24.115422918825,42,37.6249999986,36.55,34.586896967085,11.5,9.2801659756,9.96,8.711585391288,141,129.6680278371,3.48,2.82958780338,2.01,1.7179564114229997,444.45,440.626020511965
05-26-2022,26.45,22.40309444971,26.85,24.387913573275,42.9,38.43124999857,37.1,35.10735642897,11.45,9.239817427879998,10.1,8.83403739478,141,129.6680278371,3.48,2.82958780338,2.04,1.743597551892,462.25,458.272872047825
05-27-2022,26.85,22.74189360963,26.45,24.024592700675,44,39.416666665200005,38,35.9590173666,11.95,9.64330290508,10.05,8.790304536390002,141,129.6680278371,3.5,2.84584980225,2.05,1.7521445987149995,467.05,463.031573585585
05-30-2022,26.35,22.31839465973,26.25,23.842932264375,45.2,40.49166666516,38.05,36.006331863135,12.05,9.72400000052,10.2,8.92150311156,141.5,130.12784353865,3.49,2.8377188028150004,2.07,1.7692386923609995,461.3,457.33104570181
05-31-2022,25.55,21.64079633989,26,23.615856719,45.5,40.76041666515,38.1,36.053646359670005,11.3,9.944,10.25,8.965235969950001,141,129.6680278371,3.49,2.8377188028150004,2.08,1.777785739184,450.85,446.970955895645
06-01-2022,,,,,,,,,,,,,,,,,,,452.95,449.052887818415
06-02-2022,25.85,21.89489570983,26,23.615856719,45.5,40.76041666515,38,35.9590173666,10.8,9.504,10.3,9.00896882834,140,128.748396434,3.52,2.86211180112,2.07,1.7692386923609995,457.8,453.86115916386
06-03-2022,26.45,22.40309444971,26.2,23.7975171553,45.5,40.76041666515,38.7,36.62142031809,10.95,9.636,10.5,9.1839002619,139.75,128.518488583225,3.49,2.8377188028150004,2.11,1.803426879653,458.75,454.802985509875
06-06-2022,25.75,21.81019591985,26.35,23.933762482525,45.5,40.76041666515,38.7,36.62142031809,11.1,9.768,10.65,9.31509883707,139.75,128.518488583225,3.5,2.84584980225,2.01,1.7179564114229997,456.45,452.522774356365
06-07-2022,25.75,21.81019591985,26.4,23.9791775916,45.45,40.715624998485005,38.65,36.574105821555,11.1,9.768,10.95,9.57749598741,140,128.748396434,3.49,2.8377188028150004,2.04,1.743597551892,444.35,440.526880896595
06-08-2022,25.75,21.81019591985,26.45,24.024592700675,45.45,40.715624998485005,38.8,36.71604931116,10.95,9.636,11,9.6212288458,140,128.748396434,3.44,2.79706380564,2.07,1.7692386923609995,450.1,446.22740878037
06-09-2022,25.45,21.55609654991,26.6,24.1608380279,44.2,39.59583333186001,38.95,36.85799280076501,10.8,9.504,11.45,10.01482457131,137.5,126.44931792625,3.41,2.7726708073350004,2.13,1.820520973299,443.5,439.68419416595
06-10-2022,25.2,21.34434707496,26.7,24.25166824605,43.15,38.655208331895,39,36.9053072973,10.9,9.592,11.5,10.0585574297,133,122.3109766123,3.4,2.7645398079,2.12,1.811973926476,437.4,433.63667762838
06-13-2022,25.5,21.5984464449,26.5,24.07000780975,42.15,37.759374998595,39,36.9053072973,10.9,9.592,11.45,10.01482457131,131.25,120.701621656875,3.4,2.7645398079,2.09,1.7863327860069995,419.45,415.841116669465
06-14-2022,25.3,21.42904686494,26.35,23.933762482525,41.8,37.44583333194,38.8,36.71604931116,10.85,9.548,10.9,9.53376312902,129.5,119.09226670145,3.43,2.788932806205,2.12,1.811973926476,419.6,415.9898260925201
06-15-2022,25,21.174947495,25.7,23.34336606455,40.95,36.684374998635,38.65,36.574105821555,10.8,9.504,10.9,9.53376312902,128.75,118.402543149125,3.41,2.7726708073350004,2.08,1.777785739184,424.2,420.55024839954
06-16-2022,24.75,20.96319802005,25.05,22.752969646575,40.5,36.28124999865,38.05,36.006331863135,10.9,9.592,10.85,9.49003027063,125,114.9539253875,3.45,2.805194805075,2.08,1.777785739184,411.5,407.95951724755
06-17-2022,24.45,20.70909865011,24.3,22.07174301045,39.85,35.698958332005006,37.9,35.86438837353,11,9.68,10.8,9.446297412240002,124.5,114.49410968595,3.45,2.805194805075,2.03,1.7350505050689995,416.9,413.31305647753
06-20-2022,24.45,20.70909865011,24.35,22.117158119525,39.9,35.74374999867,36.8,34.82346944976,10.9,9.592,10.75,9.40256455385,124,114.0342939844,3.44,2.79706380564,2.02,1.81595959598,404.95,401.46587244081496
06-21-2022,24.7,20.92084812506,24,21.799252356,39.75,35.609374998675,36.95,34.965412939365,10.75,9.46,10.75,9.40256455385,120,110.355768372,3.4,2.7645398079,1.99,1.7889898990100002,410.3,406.76984186311
06-22-2022,23.95,20.28559970021,23.45,21.299686156175,39,34.9374999987,36.9,34.91809844283,10.7,9.416,10.6,9.27136597868,118.75,109.206229118125,3.39,2.756408808465,1.98,1.78000000002,413.85,410.289298208745
06-23-2022,23.85,20.20089991023,23.5,21.34510126525,39,34.9374999987,36.5,34.53958247055,10.75,9.46,10.3,9.00896882834,117.75,108.286597715025,3.4,2.7645398079,1.98,1.78000000002,410.5,406.96812109385
06-24-2022,23.85,20.20089991023,23.1,20.98178039265,39,34.9374999987,36.7,34.72884045669,10.85,9.548,10.2,8.92150311156,115.25,105.987519207275,3.4,2.7645398079,2,1.797979798,417.45,413.858324362065
06-27-2022,23.95,20.28559970021,23.15,21.027195501725,39,34.9374999987,36.75,34.776154953225,10.8,9.504,10.25,8.965235969950001,110,101.159454341,3.38,2.74827780903,1.98,1.78000000002,414.75,411.181554747075
06-28-2022,23.6,19.98915043528,23.35,21.208855938025,39.05,34.982291665365,36.8,34.82346944976,10.95,9.636,10.25,8.965235969950001,119.5,109.89595267045,3.38,2.74827780903,1.96,1.76202020204,410.85,407.315109747645
06-29-2022,23.65,20.03150033027,24.9,22.61672431935,39.9,35.74374999867,37.55,35.533186897785,10.8,9.504,10.5,9.1839002619,127,116.7931881937,3.39,2.756408808465,1.94,1.74404040406,413.35,409.793600131895
06-30-2022,23.6,19.98915043528,24.95,22.662139428425,43,38.5208333319,38.65,36.574105821555,10.9,9.592,10.45,9.14016740351,137.25,126.219410075475,3.38,2.74827780903,1.99,1.7889898990100002,404.1,400.6231857101701
07-01-2022,23.7,20.07385022526,25.05,22.752969646575,43,38.5208333319,39,36.9053072973,11,9.68,10.6,9.27136597868,139,127.8287650309,3.4,2.7645398079,2.04,1.83393939396,409.1,405.5801664786701
07-04-2022,23.9,20.24324980522,26.55,24.115422918825,43,38.5208333319,40,37.851597228,11,9.68,10.6,9.27136597868,139.5,128.28858073245,3.5,2.84584980225,2.07,1.86090909093,403.15,399.68135936415496
07-05-2022,24,20.3279495952,27.6,25.0691402094,43.15,38.655208331895,40.6,38.41937118642,11.2,9.856,10.7,9.35883169546,139.25,128.058672881675,3.55,2.886504799425,2.06,1.85191919194,397.6,394.17911071112
07-06-2022,24,20.3279495952,27.75,25.205385536625,44.15,39.551041665195,41.95,39.696862592865,11.3,9.944,10.9,9.53376312902,138,126.9091336278,3.55,2.886504799425,2.05,1.84292929295,397.45,394.030401288065
07-07-2022,24,20.3279495952,27.95,25.387045972925,45,40.3124999985,42.75,40.453894537425,11.4,10.032,10.9,9.53376312902,139,127.8287650309,3.51,2.853980801685,2.06,1.85191919194,409.05,405.530596670985
07-08-2022,24,20.3279495952,28.2,25.6141215183,46,41.2083333318,42.4,40.12269306168,11.5,10.12,11.2,9.79616027936,140,128.748396434,3.5,2.84584980225,2.06,1.85191919194,409.8,406.27414378626
07-11-2022,,,,,,,,,,,,,,,,,,,411.4,407.86037763218
07-12-2022,24,20.3279495952,29.5,26.79491435425,45.45,40.715624998485005,41.9,39.64954809633,11.15,9.812,11.45,10.01482457131,140,128.748396434,3.5,2.84584980225,2.03,1.82494949497,416.3,412.71821878531
07-13-2022,24,20.3279495952,30,27.249065445,44.8,40.13333333184,40.9,38.70325816563,11.1,9.768,11.45,10.01482457131,139.75,128.518488583225,3.5,2.84584980225,2.04,1.83393939396,416.05,412.470369746885
07-14-2022,23.95,20.28559970021,32.05,29.111084917075,44.9,40.22291666517,40.5,38.32474219335,11,9.68,11.25,9.83989313775,140,128.748396434,3.49,2.8377188028150004,2.06,1.85191919194,414.5,410.93370570865
07-15-2022,24.05,20.37029949019,31.45,28.566103608175,44.55,39.909374998515,40.45,38.277427696815,11.05,9.724,10.85,9.49003027063,139.5,128.28858073245,3.5,2.84584980225,2.09,1.87888888891,414.4,410.83456609328
07-18-2022,24.5,20.7514485451,30,27.249065445,44.5,39.86458333185,39.95,37.804282731465,11.45,10.076,10.65,9.31509883707,137.25,126.219410075475,3.5,2.84584980225,2.01,1.80696969699,410.4,406.86898147848
07-19-2022,23.95,20.28559970021,28.9,26.24993304535,44,39.416666665200005,38.75,36.668734814625,11.4,10.032,10.55,9.22763312029,138.75,127.598857180125,3.49,2.8377188028150004,2.07,1.86090909093,417.05,413.461765900585
07-20-2022,24.05,20.37029949019,28.15,25.568706409225,44.5,39.86458333185,39,36.9053072973,11.25,9.9,10.55,9.22763312029,140,128.748396434,3.5,2.84584980225,2.03,1.82494949497,418.1,414.50273186197
07-21-2022,24.1,20.41264938518,28.55,25.932027281825,44.5,39.86458333185,38.85,36.763363807695,11.15,9.812,10.5,9.1839002619,140.25,128.978304284775,3.5,2.84584980225,2.05,1.84292929295,423.2,419.55885224584
07-22-2022,24.5,20.7514485451,29,26.3407632635,45,40.3124999985,38.5,36.43216233195,11.25,9.9,10.45,9.14016740351,143.5,131.96710634485,3.5,2.84584980225,2.05,1.84292929295,429.65,425.953357437205
07-25-2022,24.6,20.83614833508,29.5,26.79491435425,45.2,40.49166666516,38.85,36.763363807695,11.35,9.988,10.7,9.35883169546,143.25,131.73719849407502,3.5,2.84584980225,2.03,1.82494949497,428.9,425.20981032193
07-26-2022,,,29,26.3407632635,45.5,40.76041666515,39.65,37.520395752255,11,9.68,10.5,9.1839002619,140.5,129.20821213555,3.49,2.8377188028150004,2.05,1.84292929295,416.9,413.31305647753
07-27-2022,24.8,21.00554791504,29.55,26.840329463325,46.5,41.65624999845,39.05,36.952621793835,11.5,10.12,10.65,9.31509883707,143.25,131.73719849407502,3.5,2.84584980225,2,1.797979798,420.8,417.17950147696
07-28-2022,24.85,21.04789781003,30,27.249065445,47.95,42.955208331735,40,37.851597228,11.5,10.12,10.95,9.57749598741,153,140.7036046743,3.5,2.84584980225,1.99,1.7889898990100002,420,416.386384554
07-29-2022,24.95,21.13259760001,29.95,27.203650335925,48,42.9999999984,41.15,38.939830648305,11.9,10.472,11.05,9.66496170419,155.25,142.772775331275,3.49,2.8377188028150004,2,1.797979798,421.7,418.07175801529
08-01-2022,24.65,20.87849823007,29.15,27.15706874232,47.7,42.73124999841001,40.75,38.561314676025,11.65,10.252,11.25,9.83989313775,155,142.5428674805,3.49,2.8377188028150004,2,1.797979798,424.1,420.45110878417
08-02-2022,24.95,21.13259760001,29.75,27.7160478588,47.7,42.73124999841001,40.05,37.898911724535,11.55,10.164,11.15,9.75242742097,154.25,141.853143928175,3.5,2.84584980225,2.04,1.83393939396,430.1,428.92794562959
08-03-2022,25.25,21.38669696995,29.6,27.57630307968,47.5,42.552083331750005,40.75,38.561314676025,11.6,10.208,11.2,9.79616027936,154.25,141.853143928175,3.5,2.84584980225,2.05,1.84292929295,421.7,420.55083625203
08-04-2022,25.4,21.51374665492,30,27.948955824,48,42.9999999984,40.6,38.41937118642,11.55,10.164,11.35,9.92735885453,154.75,142.312959629725,3.5,2.84584980225,2.03,1.82494949497,416.45,415.31514289105496
08-05-2022,25.55,21.64079633989,30.1,28.042119010080004,48.25,43.223958331725,41.75,39.507604606725,11.9,10.472,11.4,9.97109171292,155,142.5428674805,3.5,2.84584980225,2.05,1.84292929295,419.2,418.05764893728
08-08-2022,25.7,21.76784602486,30,27.948955824,51.5,46.13541666495,42.2,39.93343507554,12.35,10.868,11.6,10.14602314648,155.25,142.772775331275,3.52,2.86211180112,2.05,1.84292929295,429.55,428.379444420345
08-10-2022,25.9,21.93724560482,30.45,28.36819016136,53.25,47.703124998225,42.35,40.075378565145,12.55,11.044,11.75,10.27722172165,157.5,144.84194598825,3.79,3.081648785865,2.05,1.84292929295,425.65,424.490072209335
08-11-2022,27.5,23.2924422445,31.8,29.62589317344,51.75,46.359374998275,42.8,40.50120903396,12.8,11.264,12,10.4958860136,158,145.3017616898,3.81,3.0979107847350003,2.09,1.87888888891,429.25,428.080261942575
08-12-2022,26.2,22.19134497476,31.15,29.02033246392,50.5,45.23958333165,43.05,40.737781516635,12.8,11.264,12,10.4958860136,157.25,144.612038137475,3.79,3.081648785865,2.09,1.87888888891,461.8,460.54156078062
08-15-2022,26.7,22.61484392466,31.15,29.02033246392,51.25,45.911458331625,43,40.6904670201,12.7,11.176,12.1,10.58335173038,157,144.3821302867,3.77,3.065386786995,2.11,1.89686868689,,
08-16-2022,26.7,22.61484392466,31.1,28.973750870880004,52.25,46.807291664925,42.95,40.643152523565,12.65,11.132,12.25,10.71455030555,156.25,143.692406734375,3.77,3.065386786995,2.1,1.8878787879,426.9,425.73666586671
08-17-2022,26.9,22.78424350462,31.1,28.973750870880004,51.25,45.911458331625,43.2,40.87972500624,12.65,11.132,12.3,10.758283163940002,152.5,140.24378897275,3.78,3.07351778643,2.12,1.90585858588,426.65,425.487347135235
08-18-2022,26.65,22.57249402967,31.05,28.92716927784,49.45,44.29895833168501,43.35,41.021668495845,12.65,11.132,12.3,10.758283163940002,156.75,144.152222435925,3.74,3.0409937886900003,2.13,1.91484848487,426.15,424.988709672285
08-19-2022,25.8,21.85254581484,31.25,29.11349565,48,42.9999999984,43.25,40.927039502775,12.6,11.088,12.35,10.80201602233,153.75,141.39332822662502,3.76,3.05725578756,2.16,1.94181818184,418.85,417.70860271321504
08-22-2022,26.15,22.14899507977,30.1,28.042119010080004,49,43.8958333317,43.5,41.16361198545,12.45,10.956,12.2,10.67081744716,154.5,142.08305177895,3.74,3.0409937886900003,2.16,1.94181818184,425.6,424.44020846304
08-23-2022,25.95,21.97959549981,29.8,27.76262945184,48.35,43.313541665055006,43.35,41.021668495845,12.05,10.604,12,10.4958860136,153.5,141.16342037585,3.7,3.0084697909500004,2.16,1.94181818184,431.75,430.573449257325
08-24-2022,26.45,22.40309444971,29.1,27.110487149280004,48,42.9999999984,42.95,40.643152523565,12.1,10.648,11.6,10.14602314648,153.75,141.39332822662502,3.69,3.000338791515,2.12,1.90585858588,441.55,440.346743531145
08-25-2022,26.6,22.53014413468,28.45,26.50492643976,48.3,43.26874999839,41.8,39.55491910326,12.25,10.78,11.8,10.32095458004,153.75,141.39332822662502,3.7,3.0084697909500004,2.16,1.94181818184,434.85,433.665001527615
08-26-2022,28.55,24.18179003929,28.05,26.13227369544,49.2,44.074999998360006,40.95,38.750572662165006,12.05,10.604,11.7,10.23348886326,153,140.7036046743,3.71,3.016600790385,2.09,1.87888888891,432.75,431.570724183225
08-29-2022,28.85,24.43588940923,28.25,26.3186000676,48.1,43.089583331730005,41.3,39.08177413791,12.3,10.824,11.65,10.18975600487,153,140.7036046743,3.7,3.0084697909500004,2.09,1.87888888891,478.1,476.79714207279
08-30-2022,29,24.5629390942,28.2,26.27201847456,48,42.9999999984,41,38.7978871587,12.3,10.824,11.85,10.36468743843,153,140.7036046743,3.7,3.0084697909500004,2.06,1.85191919194,494.2,492.85326837978
08-31-2022,29.1,24.64763888418,27.95,26.03911050936,48,42.9999999984,40.85,38.655943669095,12.4,10.912,11.85,10.36468743843,151,138.8643418681,3.71,3.016600790385,2.05,1.84292929295,,
09-01-2022,29.6,25.07113783408,27.85,25.94594732328,48,42.9999999984,41,38.7978871587,12.4,10.912,12,10.4958860136,152,139.7839732712,3.7,3.0084697909500004,2.11,1.89686868689,481.85,480.536923044915
09-02-2022,30.2,25.57933657396,28.05,26.13227369544,48.15,43.134374998395,40.85,38.655943669095,12.35,10.868,12,10.4958860136,154,141.6232360774,3.71,3.016600790385,2.1,1.8878787879,471.3,470.01567257667
09-05-2022,31.4,26.59573405372,29.05,27.06390555624,48.1,43.089583331730005,40.85,38.655943669095,12.05,10.604,12,10.4958860136,157,144.3821302867,3.73,3.032862789255,2.1,1.8878787879,490.2,488.86416867618
09-06-2022,32.25,27.31568226855,31.05,28.92716927784,50,44.791666665,42.7,40.406580040890006,12.7,11.176,12,10.4958860136,155.5,143.00268318205,3.7,3.0084697909500004,2.12,1.90585858588,490.1,488.76444118359
09-07-2022,33,27.9509306934,29.85,27.80921104488,49.35,44.209374998355,42.25,39.980749572075,12.65,11.132,12,10.4958860136,157,144.3821302867,3.72,3.02473178982,2.1,1.8878787879,485.9,484.57588649481
09-08-2022,33.2,28.12033027336,29.9,27.85579263792,48.85,43.761458331705,42.75,40.453894537425,12.65,11.132,11.95,10.45215315521,154,141.6232360774,3.7,3.0084697909500004,2.1,1.8878787879,478.25,476.946733311675
09-09-2022,33,27.9509306934,29.25,27.2502319284,48.6,43.53749999838,42.45,40.170007558215005,12.55,11.044,11.95,10.45215315521,153,140.7036046743,3.7,3.0084697909500004,2.15,1.93282828285,479.05,477.744553252395
09-12-2022,33.1,28.03563048338,28.65,26.69125281192,47.85,42.865624998405,41.8,39.55491910326,12.45,10.956,11.95,10.45215315521,152,139.7839732712,3.71,3.016600790385,2.15,1.93282828285,476.5,475.20150219135
09-13-2022,,,,,,,,,,,,,,,,,,,453.65,452.41377013453496
09-14-2022,32.85,27.82388100843,28.2,26.27201847456,47.55,42.596874998415,40.9,38.70325816563,12.45,10.956,11.7,10.23348886326,151.25,139.094249718875,3.71,3.016600790385,2.17,1.95080808083,474.3,473.00749735437
09-15-2022,32.75,27.73918121845,26.85,25.014315462480003,47.5,42.552083331750005,40.35,38.182798703745,12.4,10.912,11.35,9.92735885453,150.25,138.174618315775,3.7,3.0084697909500004,2.16,1.94181818184,509.25,507.862256014575
09-16-2022,30.45,27.468555060345,26.55,24.73482590424,47.2,42.283333331760005,39.05,36.952621793835,12.35,10.868,11.6,10.14602314648,142,137.2083622524,3.68,2.9922077920800003,2.09,1.87888888891,490.35,489.013759915065
09-19-2022,31,27.9647030171,26.8,24.967733869440004,46.85,41.969791665105,39.45,37.331137766115006,12.15,10.692,11.7,10.23348886326,140,135.275850108,3.68,2.9922077920800003,2.07,1.86090909093,505.55,504.172338788745
09-20-2022,31,27.9647030171,27.55,25.66645776504,47,42.1041666651,39.1,36.99993629037,12.15,10.692,11.6,10.14602314648,142,137.2083622524,3.61,2.935290796035,2.04,1.83393939396,524.4,522.9709711419599
09-21-2022,30.65,27.648972499165,27.5,25.619876172,47.1,42.19374999843,39,36.9053072973,12.1,10.648,11.55,10.102290288090002,143.75,138.89931037875,3.51,2.853980801685,2.02,1.81595959598,533.05,531.597399250995
09-22-2022,30.2,27.24303326182,27.5,25.619876172,47.55,42.596874998415,39,36.9053072973,12,10.56,11.4,10.14679376946,145,140.107130469,3.61,2.935290796035,2.06,1.85191919194,549.7,548.20202676723
09-23-2022,33,29.768877405300003,27.4,25.52671298592,47.1,42.19374999843,39.15,37.047250786905,12.05,10.604,11.45,10.191297250905,141.25,136.48367019825,3.67,2.9840767926450003,2.07,1.86090909093,524.9,523.4696086049099
09-26-2022,32.85,29.633564326185,27.05,25.200641834640003,46.7,41.83541666511,40.5,38.32474219335,12,10.56,11.4,10.14679376946,140.25,135.51741412605,3.55,2.886504799425,2.05,1.84292929295,505.55,504.172338788745
09-27-2022,30.05,27.107720182705,26.25,24.455336346000003,46.35,41.52187499845501,40.8,38.60862917256,11.75,10.34,11.25,10.013283325125,140.75,136.00054216215,3.54,2.8783737999900003,2.02,1.81595959598,497.05,495.695501918595
09-28-2022,31.45,28.370642254445,25.95,24.17584678776,46.5,41.65624999845,41.35,39.12908863444501,11.7,10.296,11.3,10.05778680657,143.25,138.41618234265,3.5,2.84584980225,2,1.797979798,490.7,489.36280613913
09-29-2022,30.5,27.51365942005,25.15,23.43054129912,46.8,41.92499999844,41.2,38.98714514484,11.65,10.252,11.35,10.102290288015,142,137.2083622524,3.5,2.84584980225,1.98,1.78000000002,476.95,475.65027590800497
09-30-2022,30.3,27.333241981230003,24.95,23.24421492696,46.45,41.611458331785,41.45,39.223717627515,11.85,10.428,11.45,10.191297250905,142,137.2083622524,3.5,2.84584980225,1.98,1.78000000002,486.25,484.924932718875
10-03-2022,30.5,27.51365942005,24.75,23.0578885548,46.2,41.38749999846,41.45,39.223717627515,11.75,10.34,11.3,10.05778680657,147.5,142.5227706495,3.47,2.8214568039450003,1.96,1.76202020204,480.8,479.48978437272
10-04-2022,31.75,28.641268412675,24.45,22.77839899656,46.2,41.38749999846,39.45,37.331137766115006,11.75,10.34,11.05,9.835269399345,144.5,139.6240024329,3.49,2.8377188028150004,1.98,1.78000000002,485.2,483.87779404668
10-05-2022,30.1,27.15282454241,23.7,22.07967510096,46.15,41.342708331795,39.2,37.094565283440005,11.8,10.384,11,9.7907659179,141,136.2421061802,3.45,2.805194805075,2,1.797979798,,
10-06-2022,30.9,27.87449429769,23.65,22.03309350792,44.65,39.998958331845,39.4,37.28382326958,11.75,10.34,10.95,9.746262436454998,138,133.3433379636,3.46,2.81332580451,2.01,1.80696969699,529.4,527.9573457714599
10-07-2022,31.95,28.821685851495,24.75,23.0578885548,44.5,39.86458333185,39.6,37.47308125572,11.85,10.428,10.95,9.746262436454998,137,132.3770818914,3.47,2.8214568039450003,1.98,1.78000000002,523.3,521.8739687234699
10-10-2022,,,,,,,,,,,,,,,,,,,523.55,522.123287454945
10-11-2022,30.15,27.197928902115,25.95,24.17584678776,44.5,39.86458333185,39.15,37.047250786905,11.9,10.472,10.95,9.746262436454998,137.25,132.61864590945,3.46,2.81332580451,1.91,1.71707070709,524.8,523.36988111232
10-12-2022,32.35,29.182520729135003,26.35,24.54849953208,44.25,39.640624998525,39.1,36.99993629037,11.85,10.428,10.95,9.746262436454998,137.5,132.8602099275,3.45,2.805194805075,1.92,1.72606060608,515.6,514.19495179404
10-13-2022,30.25,27.288137621525003,25.85,24.082683601680003,43.95,39.371874998535006,38.95,36.85799280076501,11.85,10.428,11.1,9.87977288079,138,133.3433379636,3.41,2.7726708073350004,1.96,1.76202020204,519,517.5856865421
10-14-2022,30.5,27.51365942005,25.55,23.80319404344,44.1,39.50624999853,38.8,36.71604931116,12,10.56,11.15,9.924276362235,170,164.263532274,3.38,2.74827780903,2,1.797979798,543.85,542.367968450715
10-17-2022,30.2,27.24303326182,25.5,23.7566124504,44.4,39.77499999852,38.15,36.100960856205,12,10.56,11.35,10.102290288015,170.75,164.98822432815,3.4,2.7645398079,1.91,1.71707070709,561.45,559.920007146555
10-18-2022,30.05,27.107720182705,25.5,23.7566124504,44.2,39.59583333186001,37.95,35.911702870065,12,10.56,11.65,10.369311176685,169.5,163.7804042379,3.39,2.756408808465,1.98,1.78000000002,550.45,548.949982961655
10-19-2022,30.15,27.197928902115,25.45,23.71003085736,45,40.3124999985,37.9,35.86438837353,12,10.56,11.65,10.369311176685,169.25,163.53884021985,3.4,2.7645398079,1.9,1.7080808081,538.4,536.9328201045599
10-20-2022,,,,,,,,,,,,,,,,,,,551.45,549.947257887555
10-21-2022,30.25,27.288137621525003,24.95,23.24421492696,45.35,40.626041665155,36.55,34.586896967085,12,10.56,11.6,10.32480769524,168.75,163.05571218375,3.4,2.7645398079,1.86,1.6721212121400002,573.55,571.987033749945
10-24-2022,30.4,27.42345070064,24.55,22.87156218264,46.75,41.880208331775,37.4,35.39124340818,11.95,10.516,11.6,10.32480769524,168.75,163.05571218375,3.4,2.7645398079,1.86,1.6721212121400002,593.55,591.9325322679449
10-25-2022,30.8,27.78428557828,24.4,22.73181740352,46.65,41.790624998445,37.7,35.675130387390006,11.8,10.384,11.5,10.23580073235,167.5,161.8478920935,3.4,2.7645398079,1.89,1.69909090911,600.65,599.013184241835
10-26-2022,30.95,27.919598657395,24.95,23.24421492696,46.75,41.880208331775,37.7,35.675130387390006,11.9,10.472,11.35,10.102290288015,167.5,161.8478920935,3.38,2.74827780903,1.92,1.72606060608,,
10-27-2022,31.4,28.32553789474,25.3,23.57028607824,47.15,42.238541665095,37.7,35.675130387390006,11.85,10.428,11.35,10.102290288015,167.75,162.08945611155,3.4,2.7645398079,1.96,1.76202020204,594,592.3813059846
10-28-2022,32.25,29.092312009725003,24.85,23.151051740880003,46.8,41.92499999844,37.7,35.675130387390006,11.8,10.384,11.15,9.924276362235,167.25,161.60632807545,3.39,2.756408808465,1.9,1.7080808081,593.25,591.633349790175
10-31-2022,31.5,28.41574661415,25.1,23.38395970608,46.7,41.83541666511,37.65,35.627815890855,11.8,10.384,11.25,10.013283325125,167.25,161.60632807545,3.38,2.74827780903,1.93,1.73505050507,656.95,655.159762570005
11-01-2022,31.35,28.280433535035,25,23.29079652,46.45,41.611458331785,37.7,35.675130387390006,11.65,10.252,11.35,10.102290288015,167.5,161.8478920935,3.37,2.740146809595,1.88,1.69010101012,660.65,658.849679795835
11-02-2022,30.3,27.333241981230003,24.8,23.10447014784,46.1,41.29791666513,37.6,35.58050139432,11.8,10.384,11.45,10.191297250905,166,160.39850798519998,3.35,2.723884810725,1.88,1.69010101012,637.7,635.9622202464301
11-03-2022,31.5,28.41574661415,24.8,23.10447014784,45.9,41.11874999847,37.25,35.249299918575,11.75,10.34,11.5,10.23580073235,165.5,159.9153799491,3.32,2.69949181242,1.88,1.69010101012,641.3,639.55240997967
11-04-2022,31.1,28.054911736510004,24.8,23.10447014784,45.7,40.939583331810006,37.15,35.154670925505,11.75,10.34,11.4,10.14679376946,164.5,158.9491238769,3.29,2.675098814115,1.88,1.69010101012,640.9,639.1535000093099
11-07-2022,31.5,28.41574661415,24.95,23.24421492696,45,40.3124999985,37,35.0127274359,11.9,10.472,11.7,10.41381465813,158.5,153.1515874437,3.29,2.675098814115,1.85,1.66313131315,632.4,630.6766631391599
11-08-2022,31.65,28.551059693265,25,23.29079652,44.5,39.86458333185,36.75,34.776154953225,11.95,10.516,11.7,10.41381465813,159,153.6347154798,3.27,2.658836815245,1.82,1.63616161618,,
11-09-2022,32.4,29.22762508884,25.15,23.43054129912,44.9,40.22291666517,36.5,34.53958247055,11.95,10.516,11.8,10.50282162102,157,151.7022033354,3.29,2.675098814115,1.87,1.68111111113,673.7,671.86411757883
11-10-2022,32,28.8667902112,25.5,23.7566124504,45.05,40.357291665165,36.5,34.53958247055,11.8,10.384,11.85,10.547325102465,157.75,152.42689538955,3.28,2.66696781468,1.89,1.69909090911,613.6,611.92789453224
11-11-2022,31.7,28.59616405297,25.25,23.5237044852,45.1,40.402083331830006,36.75,34.776154953225,11.85,10.428,11.7,10.41381465813,157.5,152.18533137149998,3.29,2.675098814115,1.87,1.68111111113,612.25,610.581573382275
11-14-2022,30.75,27.739181218575,25.1,23.38395970608,45.85,41.073958331805,37.05,35.060041932435,11.85,10.428,11.7,10.41381465813,158.75,153.39315146175,3.27,2.658836815245,1.89,1.69909090911,588.3,586.6968389069699
11-15-2022,30.4,27.42345070064,25.05,23.337378113040003,45.55,40.805208331815,37.65,35.627815890855,12,10.56,11.65,10.369311176685,161.5,156.0503556603,3.26,2.65070581581,1.88,1.69010101012,588.05,586.4475201754949
11-16-2022,31.55,28.460850973855003,25.25,23.5237044852,45.7,40.939583331810006,39.55,37.425766759185,12,10.56,11.7,10.41381465813,163,157.4997397686,3.28,2.66696781468,1.87,1.68111111113,565.6,564.05869808904
11-17-2022,30.1,27.15282454241,25.25,23.5237044852,45.65,40.894791665145,39.45,37.331137766115006,11.9,10.472,11.7,10.41381465813,164,158.4659958408,3.29,2.675098814115,1.85,1.66313131315,552.7,551.19385154493
11-18-2022,30.6,27.60386813946,25.25,23.5237044852,46.8,41.92499999844,38.8,36.71604931116,12,10.56,11.7,10.41381465813,165.25,159.67381593105,3.27,2.658836815245,1.83,1.64515151517,543.7,542.21837721183
11-21-2022,30.4,27.42345070064,25.35,23.61686767128,45.8,41.02916666514,38,35.9590173666,12,10.56,11.75,10.458318139575,167,161.3647640574,3.26,2.65070581581,1.84,1.6541414141600002,533.1,531.64726299729
11-22-2022,30.85,27.829389937985,25,23.29079652,45.05,40.357291665165,37.3,35.29661441511,12.05,10.604,11.6,10.32480769524,166.5,160.8816360213,3.27,2.658836815245,1.81,1.6271717171900002,531.25,529.802304384375
11-23-2022,30.35,27.378346340935003,25,23.29079652,45,40.3124999985,37.45,35.438557904715005,12.6,11.088,11.6,10.32480769524,166.75,161.12320003935,3.27,2.658836815245,1.81,1.6271717171900002,533.6,532.14590046024
11-24-2022,31.95,28.821685851495,24.85,23.151051740880003,45.45,40.715624998485005,37.5,35.48587240125,12.4,10.912,11.5,10.23580073235,166,160.39850798519998,3.29,2.675098814115,1.8,1.6181818182,556.4,554.88376877076
11-25-2022,32.85,29.633564326185,24.65,22.96472536872,45.95,41.16354166513501,37.6,35.58050139432,12.45,10.956,11.65,10.369311176685,165.75,160.15694396715,3.27,2.658836815245,1.87,1.68111111113,551.35,549.847530394965
11-28-2022,32.85,29.633564326185,24.7,23.01130696176,45.65,40.894791665145,37.75,35.722444883925,12.45,10.956,11.4,10.14679376946,165.25,159.67381593105,3.26,2.65070581581,1.88,1.69010101012,556.35,554.833905024465
11-29-2022,33,29.768877405300003,24.45,22.77839899656,46.95,42.05937499843501,37.95,35.911702870065,12.1,10.648,11.8,10.50282162102,166.25,160.64007200325,3.26,2.65070581581,1.9,1.7080808081,548.3,546.80584187097
11-30-2022,33.2,29.949294844120004,24.35,22.68523581048,45.65,40.894791665145,38,35.9590173666,12,10.56,11.65,10.369311176685,166,160.39850798519998,3.31,2.691360812985,1.74,1.5642424242600002,560.7,559.17205095213
12-01-2022,32.65,29.453146887365,24.5,22.824980589600003,45.4,40.67083333182,38,35.9590173666,12,10.56,11.95,10.636332065355,165.25,159.67381593105,3.26,2.65070581581,1.79,1.6091919192100002,560.9,559.37150593731
12-02-2022,33,29.768877405300003,24.35,22.68523581048,45.05,40.357291665165,37.75,35.722444883925,12.05,10.604,11.8,10.50282162102,164.25,158.70755985885,3.27,2.658836815245,1.88,1.69010101012,565.5,563.95897059645
12-05-2022,33,29.768877405300003,23.65,22.03309350792,45,40.3124999985,37.55,35.533186897785,11.95,10.516,12,10.6808355468,163,157.4997397686,3.22,2.61818181807,1.81,1.6271717171900002,564.85,563.310741894615
12-06-2022,33.5,30.21992100235,23.85,22.219419880080004,44.95,40.267708331835,37.45,35.438557904715005,11.85,10.428,12.05,10.725339028245,165.75,160.15694396715,3.21,2.610050818635,1.81,1.6271717171900002,560,558.473958504
12-07-2022,35,31.573051793500003,24.1,22.452327845280003,45.05,40.357291665165,37.5,35.48587240125,12,10.56,11.95,10.636332065355,167,161.3647640574,3.21,2.610050818635,1.81,1.6271717171900002,571.35,569.793028912965
12-08-2022,35,31.573051793500003,24.1,22.452327845280003,45.05,40.357291665165,37.6,35.58050139432,12.2,10.736,12,10.6808355468,169,163.2972762018,3.21,2.610050818635,1.81,1.6271717171900002,563.65,562.114011983535
12-09-2022,35.1,31.663260512910004,24.3,22.638654217440003,45,40.3124999985,36.9,35.87214484692,12.1,10.648,12,10.6808355468,167,161.3647640574,3.23,2.626312817505,1.89,1.69909090911,560.75,559.221914698425
12-12-2022,,,,,,,,,,,,,,,,,,,576.9,575.32790475171
12-13-2022,31.6,28.505955333560003,24.9,23.19763333392,46.95,42.05937499843501,36.75,35.7263231199,12.3,10.824,12,10.6808355468,165.5,159.9153799491,3.25,2.642574816375,1.89,1.69909090911,607.1,605.44560751389
12-14-2022,34.6,31.212216915860004,25,23.29079652,45.45,40.715624998485005,36.75,35.7263231199,12,10.56,12,10.6808355468,165.75,160.15694396715,3.25,2.642574816375,1.77,1.59121212123,632,630.2777531688
12-15-2022,35.95,32.430034627895004,24.8,23.10447014784,45.5,40.76041666515,37.15,36.11518105862,11.95,10.516,12.05,10.725339028245,166,160.39850798519998,3.29,2.675098814115,1.89,1.69909090911,621.05,619.3575927301949
12-16-2022,36.1,32.565347707010005,24.95,23.24421492696,45.5,40.76041666515,37.25,36.2123955433,12,10.56,12.15,10.814345991135,166,160.39850798519998,3.29,2.675098814115,1.86,1.6721212121400002,620.1,618.41018155059
12-19-2022,36.05,32.520243347305,24.9,23.19763333392,45.5,40.76041666515,37.9,36.84428969372,12,10.56,12.2,10.85884947258,166,160.39850798519998,3.22,2.61818181807,1.86,1.6721212121400002,647,645.2368770573
12-20-2022,36.45,32.88107822494501,24.8,23.10447014784,45.25,40.536458331825,38.8,37.71922005584,12,10.56,12.05,10.725339028245,165.25,159.67381593105,3.2,2.6019198192000004,1.86,1.6721212121400002,673.75,671.913981325125
12-21-2022,36.5,32.92618258465,24.75,23.0578885548,45.25,40.536458331825,38,36.9415041784,11.95,10.516,12.2,10.85884947258,165.25,159.67381593105,3.22,2.61818181807,1.85,1.66313131315,642.2,640.4499574129801
12-22-2022,36.95,33.332121821995,24.7,23.01130696176,45.25,40.536458331825,38.05,36.99011142074,11.95,10.516,12.05,10.725339028245,167.25,161.60632807545,3.18,2.58565782033,1.84,1.6541414141600002,637.4,635.6630377686599
12-23-2022,37.3,33.64785233993,24.6,22.91814377568,45.25,40.536458331825,38,36.9415041784,12.15,10.692,12.1,10.76984250969,166,160.39850798519998,3.21,2.610050818635,1.85,1.66313131315,612.65,610.980483352635
12-26-2022,,,,,,,,,,,,,,,,,,,631.45,629.7292519595551
12-27-2022,,,,,,,,,,,,,,,,,,,752.6,750.54910923234
12-28-2022,39.05,35.226504929605,24.45,22.77839899656,45.25,40.536458331825,38.05,36.99011142074,12.25,10.78,12.2,10.85884947258,167,161.3647640574,3.19,2.593788819765,1.86,1.6721212121400002,743.65,741.6234986455349
12-29-2022,39.8,35.90307032518,24,22.3591646592,45.25,40.536458331825,38.05,36.99011142074,12.05,10.604,12.2,10.85884947258,167,161.3647640574,3.19,2.593788819765,1.85,1.66313131315,721.05,719.0850853201949
12-30-2022,39.35,35.497131087835,24.15,22.49890943832,44.5,39.86458333185,38.1,37.03871866308,12.3,10.824,12.3,10.94785643547,167.5,161.8478920935,3.22,2.61818181807,1.83,1.64515151517,716.5,714.54748440735
01-02-2023,,,,,,,,,,,,,,,,,,,707.2,705.27282759648
01-03-2023,38.95,35.136296210195006,24.05,22.40574625224,45.05,40.357291665165,38.35,37.28175487478,12.1,10.648,12.2,10.85884947258,170,164.263532274,3.22,2.61818181807,1.87,1.68111111113,689.3,687.4216064228699
01-04-2023,38.8,35.00098313108,23.9,22.26600147312,45.15,40.446874998495,38.2,37.13593314776001,12.1,10.648,12.1,10.76984250969,169,163.2972762018,3.26,2.65070581581,1.86,1.6721212121400002,724.55,722.5755475608449
01-05-2023,38.6,34.820565692260004,23.9,22.26600147312,45.35,40.626041665155,38.35,37.28175487478,12.25,10.78,12.05,10.725339028245,174.25,168.37012058085,3.26,2.65070581581,1.88,1.69010101012,732.8,730.80306569952
01-06-2023,39.65,35.767757246065,23.5,21.8933487288,45.55,40.805208331815,39.2,38.108077994560006,12.4,10.912,12.05,10.725339028245,173.75,167.88699254475,3.24,2.63444381694,1.89,1.69909090911,722.25,720.281815231275
01-09-2023,40,36.083487764,23.35,21.75360394968,45.5,40.76041666515,39.05,37.96225626754,12.4,10.912,12.1,10.76984250969,174,168.1285565628,3.23,2.626312817505,1.92,1.72606060608,708.9,706.96819497051
01-10-2023,39.8,35.90307032518,22.95,21.38095120536,45.5,40.76041666515,39.05,37.96225626754,12.3,10.824,12.05,10.725339028245,172.25,166.43760843645,3.21,2.610050818635,1.9,1.7080808081,708.3,706.3698300149699
01-11-2023,39.55,35.677548526655,22.65,21.10146164712,46.05,41.253124998465,38.95,37.86504178286,12.5,11,12.25,10.903352954025,171.5,165.7129163823,3.19,2.593788819765,1.86,1.6721212121400002,692.45,690.563022439455
01-12-2023,39.95,36.03838340429501,22.25,20.7288089028,46.9,42.01458333177,38.9,37.81643454052,12.3,10.824,12.35,10.992359916915,170,164.263532274,3.17,2.577526820895,1.86,1.6721212121400002,691.15,689.266565035785
01-13-2023,38.7,34.910774411670005,22,20.4959009376,46.55,41.701041665115,38.7,37.62200557116,12.6,11.088,12.25,10.903352954025,172.5,166.6791724545,3.18,2.58565782033,1.86,1.6721212121400002,673.55,671.714526339945
01-16-2023,39.1,35.27160928931,21.55,20.076666600240003,46.5,41.65624999845,38.5,37.4275766018,12.3,10.824,12.25,10.903352954025,172,166.1960444184,3.16,2.56939582146,1.82,1.63616161618,690.65,688.767927572835
01-17-2023,39.2,35.36181800872001,21.1,19.657432262880004,46.2,41.38749999846,38,36.9415041784,12.3,10.824,12.25,10.903352954025,170,164.263532274,3.11,2.528740824285,1.8,1.6181818182,679.65,677.797903387935
01-18-2023,38.85,35.046087490785006,20.6,19.19161633248,46,41.2083333318,38.25,37.1845403901,12.3,10.824,12.15,10.814345991135,170,164.263532274,3.11,2.528740824285,1.8,1.6181818182,670.7,668.87229280113
01-19-2023,38.4,34.64014825344,21.75,20.2629929724,46,41.2083333318,38.4,37.33036211712,12.3,10.824,12.2,10.85884947258,170,164.263532274,3.14,2.55313382259,1.84,1.6541414141600002,666.35,664.534146873465
01-20-2023,38.3,34.54993953403,22.55,21.008298461040003,46,41.2083333318,38.4,37.33036211712,12.4,10.912,12.3,10.94785643547,168.5,162.8141481657,3.18,2.58565782033,1.8,1.6181818182,656.15,654.361942629285
01-23-2023,38.2,34.45973081462,23,21.4275327984,45.95,41.16354166513501,38.4,37.33036211712,12.65,11.132,12.5,11.12587036125,169.5,163.7804042379,3.13,2.545002823155,1.8,1.6181818182,658.35,656.555947466265
01-24-2023,36.05,32.520243347305,23.05,21.47411439144,45.75,40.984374998475005,38.55,37.47618384414,12.45,10.956,12.4,11.03686339836,168.25,162.57258414765,3.15,2.561264822025,1.8,1.6181818182,640.65,638.9041812778349
01-25-2023,37,33.3772261817,23.55,21.93993032184,45.7,40.939583331810006,38.55,37.47618384414,12.35,10.868,12.4,11.03686339836,167.25,161.60632807545,3.14,2.55313382259,1.82,1.63616161618,638.8,637.05922266492
01-26-2023,37,33.3772261817,23.25,21.6604407636,45.55,40.805208331815,38.45,37.37896935946,12.5,11,12.35,10.992359916915,168.75,163.05571218375,3.08,2.50434782598,1.78,1.60020202022,,
01-27-2023,37,33.3772261817,23.25,21.6604407636,45.4,40.67083333182,38.5,37.4275766018,12.6,11.088,12.45,11.081366879805,172,166.1960444184,3.07,2.669565217418,1.8,1.6181818182,637.85,636.111811485315
01-30-2023,37.05,33.422330541405,23.05,21.47411439144,44.95,40.267708331835,38.3,37.23314763244,12.5,11,12.5,11.12587036125,174.5,168.61168459889998,3.01,2.617391304374,1.8,1.6181818182,625.9,624.1943761208099
01-31-2023,35.9,32.38493026819,23.4,21.80018554272,44,39.416666665200005,38.1,37.03871866308,12.45,10.956,12.4,11.03686339836,176.25,170.30263272525,2.96,2.573913043504,1.79,1.6091919192100002,652.8,651.02107162752
02-01-2023,35,31.573051793500003,24,22.3591646592,45.05,40.357291665165,38.1,37.03871866308,12.4,10.912,12.45,11.081366879805,176.5,170.5441967433,2.91,2.5304347826340003,1.8,1.6181818182,624.65,622.947782463435
02-02-2023,34.6,31.212216915860004,24,22.3591646592,45.3,40.58124999849,38,36.9415041784,12.45,10.956,12.4,11.03686339836,176.25,170.30263272525,2.85,2.47826086959,1.79,1.6091919192100002,629,627.2859283911
02-03-2023,35.5,32.02409539055,24.5,22.824980589600003,45.8,41.02916666514,38.2,37.13593314776001,12.45,10.956,12.4,11.03686339836,178,171.9935808516,2.84,2.469565217416,1.77,1.59121212123,659,657.2041761681
02-06-2023,38.1,34.36952209521,24.45,22.77839899656,46,41.2083333318,38.5,37.4275766018,12.45,10.956,12.3,10.94785643547,177.25,171.26888879745,2.89,2.5130434782860003,1.76,1.58222222224,661.75,659.946682214325
02-07-2023,38.1,34.36952209521,24,22.3591646592,45.1,40.402083331830006,38.5,37.4275766018,12.5,11,12.45,11.081366879805,178.25,172.23514486965,2.89,2.5130434782860003,1.75,1.57323232325,652.9,651.12079912011
02-08-2023,37.55,33.873374138455,24,22.3591646592,45,40.3124999985,38.5,37.4275766018,12.5,11,12.55,11.170373842695,179.75,173.68452897795,2.88,2.504347826112,1.75,1.57323232325,589.55,587.9434325643449
02-09-2023,37.5,33.82826977875,24.1,22.452327845280003,45.75,40.984374998475005,38.55,37.47618384414,12.3,10.824,12.55,11.170373842695,180,173.926092996,2.86,2.486956521764,1.75,1.57323232325,585.65,584.054060353335
02-10-2023,37.55,33.873374138455,23.9,22.26600147312,45.65,40.894791665145,38.75,37.6706128135,12.6,11.088,12.55,11.170373842695,180,173.926092996,2.85,2.47826086959,1.76,1.58222222224,585.5,583.90446911445
02-13-2023,37.45,33.783165419045005,23.75,22.126256694,45.55,40.805208331815,38.75,37.6706128135,12.5,11,12.5,11.12587036125,181.25,175.13391308625,2.8,2.43478260872,1.8,1.6181818182,585.05,583.4556953977949
02-14-2023,37.25,33.602747980225004,23.7,22.07967510096,45.95,41.16354166513501,38.7,37.62200557116,12.6,11.088,12.5,11.12587036125,180.25,174.16765701405,2.76,2.400000000024,1.79,1.6091919192100002,585.2,583.60528663668
02-15-2023,37.55,33.873374138455,23.7,22.07967510096,46.15,41.342708331795,38.7,37.62200557116,12.6,11.088,12.45,11.081366879805,179.75,173.68452897795,2.77,2.4086956521980003,1.8,1.6181818182,598.25,596.619724419675
02-16-2023,37.55,33.873374138455,23.6,21.98651191488,46.35,41.52187499845501,38.65,37.57339832882,12.5,11,12.5,11.12587036125,181.5,175.3754771043,2.71,2.356521739154,1.82,1.63616161618,589.35,587.7439775791651
02-17-2023,37.35,33.692956699635005,23.65,22.03309350792,46.45,41.611458331785,38.55,37.47618384414,12.6,11.088,12.55,11.170373842695,180.25,177.84208015735,2.67,2.321739130458,1.82,1.63616161618,612.75,611.080210845225
02-20-2023,37.45,33.783165419045005,23.5,21.8933487288,46.25,41.432291665125,38.5,37.4275766018,12.5,11,12.5,11.12587036125,174,171.6755725236,2.7,2.34782608698,1.82,1.63616161618,595.1,593.4783084030901
02-21-2023,37,33.3772261817,23.45,21.84676713576,46.25,41.432291665125,38.5,37.4275766018,12.6,11.088,12.6,11.21487732414,176,173.6488549664,2.68,2.3304347826320004,1.82,1.63616161618,581.3,579.71591442567
02-22-2023,36.95,33.332121821995,23.5,21.8933487288,46,41.2083333318,38.45,37.37896935946,12.7,11.176,12.6,11.21487732414,174,171.6755725236,2.62,2.278260869588,1.83,1.64515151517,579.95,578.369593275705
02-23-2023,36.45,32.88107822494501,23.4,21.80018554272,45.85,41.073958331805,38.4,37.33036211712,12.65,11.132,12.6,11.21487732414,174,171.6755725236,2.52,2.1913043478480003,1.81,1.6271717171900002,567.45,565.903656701955
02-24-2023,36.2,32.655556426420006,23.35,21.75360394968,45.95,41.16354166513501,38.3,37.23314763244,12.55,11.044,12.55,11.170373842695,175.75,173.40219466105,2.51,2.182608695674,1.77,1.59121212123,569.9,568.34698027041
02-27-2023,36.05,32.520243347305,23,21.4275327984,45.6,40.84999999848,38.3,37.23314763244,12.5,11,12.7,11.30388428703,175,172.662213745,2.48,2.156521739152,1.82,1.63616161618,549.45,547.952708035755
02-28-2023,36.7,33.10660002347,23.3,21.707022356640003,45.5,40.76041666515,38.25,37.1845403901,12.65,11.132,12.5,11.12587036125,174.75,172.41555343965,2.49,2.165217391326,1.77,1.59121212123,567.95,566.402294164905
03-01-2023,36.7,33.10660002347,23.35,21.75360394968,45.5,40.76041666515,38.3,37.23314763244,12.7,11.176,12.35,10.992359916915,175,172.662213745,2.45,2.13043478263,1.8,1.6181818182,554.55,553.038810157845
03-02-2023,37,33.3772261817,23.5,21.8933487288,45.4,40.67083333182,38.25,37.1845403901,12.7,11.176,12.35,10.992359916915,174.75,172.41555343965,2.41,2.0956521739340004,1.76,1.58222222224,556.15,554.634450039285
03-03-2023,37.05,33.422330541405,23.45,21.84676713576,45.15,40.446874998495,38.35,37.28175487478,12.75,11.22,12.4,11.03686339836,175.25,172.90887405035,2.38,2.069565217412,1.7,1.5282828283,550.3,548.80039172277
03-06-2023,37.05,33.422330541405,23,21.4275327984,44.8,40.13333333184,38.25,37.1845403901,12.65,11.132,12.45,11.081366879805,187,184.5019084018,2.38,2.069565217412,1.73,1.55525252527,586.95,585.350517757005
03-07-2023,36.65,33.061495663765,22.55,21.008298461040003,44.4,39.77499999852,38,36.9415041784,12.6,11.088,12.5,11.12587036125,174.5,172.1688931343,2.32,2.017391304368,1.72,1.54626262628,,
03-08-2023,36.05,32.520243347305,20.95,19.51768748376,43.85,39.282291665205,37.9,36.84428969372,12.55,11.044,12.5,11.12587036125,172.75,170.44227099685,2.32,2.017391304368,1.73,1.55525252527,571.3,569.74316516667
03-09-2023,36.35,32.790869505535,20.95,19.51768748376,43.25,38.744791665225,37.5,36.455431755,12.45,10.956,12.4,11.03686339836,171,168.7156488594,2.32,2.017391304368,1.72,1.54626262628,565.6,564.05869808904
03-10-2023,36.8,33.19680874288,20.6,19.19161633248,43,38.5208333319,37.45,36.40682451266,12.5,11,12.55,11.170373842695,169.75,167.48234733265,2.32,2.017391304368,1.7,1.5282828283,544,542.5175596896
03-13-2023,37,33.3772261817,19.6,18.259984471680003,42.9,38.43124999857,37.05,36.01796657394,12.35,10.868,12.7,11.30388428703,167,164.7690839738,2.24,1.947826086976,1.74,1.5642424242600002,511.6,510.20585209044
03-14-2023,36.45,32.88107822494501,19.1,17.79416854128,42.25,37.848958331925004,37,35.9693593316,12.2,10.736,12.55,11.170373842695,171.5,169.2089694701,2.2,1.9130434782800003,1.63,1.46535353537,508.75,507.363618551625
03-15-2023,36.25,32.700660786125,18,16.7693734944,41.8,37.44583333194,37.05,36.01796657394,12,10.56,12.65,11.259380805585,170.75,168.46898855405,2.25,1.95652173915,1.7,1.5282828283,517.95,516.5385478699051
03-16-2023,36.05,32.520243347305,17,16.3650602408,40.15,35.967708331995,34.35,33.39317548758,12.25,10.78,12.2,10.85884947258,168.5,166.2490458059,2.15,1.86956521741,1.63,1.46535353537,512.7,511.30285450893007
03-17-2023,34.05,30.716068959105,16.35,15.73933734924,38.15,34.176041665395,31,30.1364902508,12.3,10.824,12,10.6808355468,170.5,168.2223282487,2.19,1.904347826106,1.59,1.42939393941,556.8,555.28267874112
03-20-2023,32.95,29.723773045595003,17.95,17.27957831308,38,34.0416666654,30,29.164345404,12.35,10.868,12,10.6808355468,170,167.72900763799998,2.2,1.9130434782800003,1.54,1.38444444446,563.4,561.86469325206
03-21-2023,32.1,28.95699893061,18.95,18.24222891548,38.05,34.086458332065,31.95,31.06002785526,12.4,10.912,11.75,10.458318139575,170,167.72900763799998,2.19,1.904347826106,1.6,1.4383838384,586.25,584.652425308875
03-22-2023,32.8,29.58845996648,19.1,18.38662650584,38.05,34.086458332065,34.95,33.97646239566,12.4,10.912,11.6,10.32480769524,169.75,167.48234733265,2.2,1.9130434782800003,1.59,1.42939393941,579.35,577.771228320165
03-23-2023,32.1,28.95699893061,19,18.2903614456,37.9,33.95208333207,35.95,34.94860724246001,12.5,11,11.8,10.50282162102,170,167.72900763799998,2.22,1.930434782628,1.69,1.51929292931,616.9,615.21890178771
03-24-2023,32.75,29.543355606775,18.9,18.19409638536,38.65,34.623958332045,35.5,34.5111420614,12.6,11.088,11.9,10.59182858391,170.75,168.46898855405,2.21,1.921739130454,1.82,1.63616161618,619.3,617.6123616098699
03-27-2023,34.05,30.716068959105,18.85,18.14596385524,41.95,37.580208331935005,35.5,34.5111420614,12.55,11.044,11.95,10.636332065355,170.75,168.46898855405,2.2,1.9130434782800003,1.69,1.51929292931,682.2,680.34095444898
03-28-2023,36.05,32.520243347305,18.5,17.8090361444,42.65,38.207291665245,35,34.025069638,12.65,11.132,12.1,10.76984250969,171,168.7156488594,2.19,1.904347826106,1.72,1.54626262628,700.2,698.29190311518
03-29-2023,35,31.573051793500003,18.5,17.8090361444,44.25,39.640624998525,35,34.025069638,12.85,11.308,12.2,10.85884947258,174.5,172.1688931343,2.17,1.886956521758,1.8,1.6181818182,680.4,678.54585958236
03-30-2023,35.95,32.430034627895004,18,17.3277108432,44.6,39.95416666518,35,34.025069638,13,11.44,12.65,11.259380805585,171.25,168.96230916475,2.19,1.904347826106,1.88,1.69010101012,,
03-31-2023,36.7,33.10660002347,18.1,17.423975903440002,45.5,40.76041666515,35.5,34.5111420614,13.15,11.572,12.8,11.39289124992,170,167.72900763799998,2.2,1.9130434782800003,1.89,1.69909090911,705.25,703.328141490975
04-03-2023,36.35,32.790869505535,18.15,17.47210843356,45.95,41.16354166513501,36.2,35.19164345416,13.15,11.572,12.9,11.48189821281,170,167.72900763799998,2.28,1.982608695672,1.92,1.72606060608,766.4,764.31150320976
04-04-2023,36.35,32.790869505535,18,17.3277108432,45.5,40.76041666515,36.15,35.14303621182,13.15,11.572,12.9,11.48189821281,170,167.72900763799998,2.38,2.069565217412,1.93,1.73505050507,,
04-05-2023,37.5,33.82826977875,18.05,17.375843373320002,45.45,40.715624998485005,36,34.9972144848,13.1,11.528,12.95,11.526401694254998,167.25,165.01574427915,2.4,2.08695652176,2,1.797979798,752.45,750.399517993455
04-06-2023,36.55,32.971286944355,18.6,17.90530120464,45.5,40.76041666515,35.9,34.90000000012,13.05,11.484,12.85,11.437394731365,170.75,168.46898855405,2.4,2.08695652176,2,1.797979798,751.45,749.402243067555
04-10-2023,,,,,,,,,,,,,,,,,,,746.8,744.76491466212
04-11-2023,36.65,33.061495663765,18.45,17.76090361428,45.45,40.715624998485005,36.35,36.35,13.1,11.528,12.75,11.348387768475,170,167.72900763799998,2.38,2.069565217412,1.89,1.69909090911,741.4,739.3796300622599
04-12-2023,36.95,33.332121821995,18.35,17.66463855404,45,40.3124999985,35,35,13.25,11.66,12.75,11.348387768475,169.5,167.2356870273,2.39,2.0782608695860003,1.87,1.68111111113,714.3,712.3534795703699
04-13-2023,36.9,33.28701746229,17.85,17.18331325284,44.5,39.86458333185,34.4,34.4,13.2,11.616,12.7,11.30388428703,169,166.7423664166,2.4,2.08695652176,1.84,1.6541414141600002,725.4,723.42323124786
04-14-2023,37,33.3772261817,17.8,17.13518072272,44.5,39.86458333185,33.9,33.9,13,11.44,12.7,11.30388428703,168.5,166.2490458059,2.4,2.08695652176,1.82,1.63616161618,,
04-17-2023,37.5,33.82826977875,17.05,16.413192770920002,45.35,40.626041665155,33.55,33.55,13.05,11.484,12.65,11.259380805585,168.75,166.49570611125,2.38,2.069565217412,1.94,1.74404040406,761.2,759.12567359508
04-18-2023,37.95,34.234209016095,16.85,16.22066265044,44.8,40.13333333184,34.1,34.1,13.1,11.528,12.55,11.170373842695,167.5,165.2624045845,2.36,2.052173913064,1.82,1.63616161618,790.25,788.096510192475
04-19-2023,38.1,34.36952209521,16.7,16.07626506008,45.05,40.357291665165,33.9,33.9,13.05,11.484,12.45,11.081366879805,165,162.795801531,2.36,2.052173913064,1.81,1.6271717171900002,789.35,787.198962759165
04-20-2023,39,35.1814005699,16.5,15.8837349396,45.15,40.446874998495,32.95,32.95,13.05,11.484,12.35,10.992359916915,158.25,156.13597328655,2.36,2.052173913064,1.83,1.64515151517,785.4,783.25972680186
04-21-2023,,,,,,,,,,,,,,,,,,,777.25,775.131936155775
04-24-2023,40,36.083487764,16.7,16.07626506008,45.3,40.58124999849,33,33,13.15,11.572,12.3,10.94785643547,164.75,162.54914122565,2.35,2.04347826089,1.82,1.63616161618,740.45,738.4322188826551
04-25-2023,40.4,36.44432264164,16.5,15.8837349396,46.35,41.52187499845501,33.4,33.4,13.15,11.572,12.2,10.85884947258,160,157.862595424,2.32,2.017391304368,1.89,1.69909090911,749,746.9589194991
04-26-2023,40.45,36.48942700134501,16.7,16.07626506008,46,41.2083333318,34,34,13.35,11.748,12.15,10.814345991135,160.75,158.60257634005,2.37,2.060869565238,1.78,1.60020202022,755.85,753.790252741515
04-27-2023,40.9,36.89536623869,16.7,16.07626506008,45.9,41.11874999847,34.1,34.1,13.2,11.616,12.05,10.725339028245,160,157.862595424,2.38,2.069565217412,1.87,1.68111111113,749.75,747.706875693525
04-28-2023,39.5,35.63244416695,16.5,15.8837349396,45.8,41.02916666514,32.85,32.85,13.3,11.704,12.15,10.814345991135,158.75,156.62929389725,2.37,2.060869565238,1.89,1.69909090911,759.35,757.280714982165
05-02-2023,36.5,34.9150124076,16.5,15.8837349396,45.85,41.073958331805,32.8,32.8,13.1,11.528,10.7,10.51940928303,156,153.9160305384,2.37,2.060869565238,1.88,1.69010101012,738.85,736.836579001215
05-03-2023,33.4,31.94962779216,16.05,15.45054216852,45.65,40.894791665145,32.05,32.05,12.9,11.352,10.5,10.32278481045,149.5,147.5028625993,2.37,2.060869565238,1.88,1.69010101012,784.45,782.312315622255
05-04-2023,33.35,31.90179900804,16.25,15.643072289,45.65,40.894791665145,31.95,31.95,12.8,11.264,10.15,9.978691983435,149.5,147.5028625993,2.35,2.04347826089,1.87,1.68111111113,770.75,768.649649137425
05-05-2023,33.45,31.997456576280005,15.75,15.1617469878,45.55,40.805208331815,31.6,31.6,12.8,11.264,10.1,9.92953586529,149,147.0095419886,2.38,2.069565217412,1.81,1.6271717171900002,799.3,797.1218482718699
05-08-2023,35,33.480148884,15.95,15.35427710828,44.95,40.267708331835,31.2,31.2,12.75,11.22,10.5,10.32278481045,149,147.0095419886,2.36,2.052173913064,1.84,1.6541414141600002,793.85,791.6866999257151
05-09-2023,34.4,32.90620347456,15.6,15.01734939744,44.35,39.730208331855,30.25,30.25,12.7,11.176,10.4,10.22447257416,146.75,144.78959924045,2.35,2.04347826089,1.81,1.6271717171900002,775,772.8880675725
05-10-2023,34.55,33.049689826919995,15.3,14.72855421672,43.3,38.78958333189,29.45,29.45,12.25,10.78,10.25,10.077004219725,143.75,141.82967557625,2.34,2.034782608716,1.8,1.6181818182,788.95,786.800052788805
05-11-2023,33.9,32.42791563336,14.7,14.15096385528,42.4,37.98333333192,29.2,29.2,12,10.56,10.25,10.077004219725,142,140.1030534388,2.35,2.04347826089,1.87,1.68111111113,785.45,783.309590548155
05-12-2023,32.05,30.65825062092,13.25,12.7551204818,40.8,36.54999999864,28.5,28.5,12,10.56,10.2,10.02784810158,140.25,138.37643130135,2.35,2.04347826089,1.82,1.63616161618,790.8,788.6450114017199
05-15-2023,30.7,29.36687344968,13,12.5144578312,40.5,36.28124999865,29,29,12.4,10.912,10.25,10.077004219725,142,140.1030534388,2.33,2.026086956542,1.81,1.6271717171900002,772.6,770.49460775034
05-16-2023,31.4,30.03647642736,14.3,13.76590361432,39.9,35.74374999867,31.2,31.2,12.3,10.824,10.35,10.175316456015,145,143.062977103,2.32,2.017391304368,1.82,1.63616161618,771.2,769.09842285408
05-17-2023,32.25,30.8495657574,15.5,14.9210843372,39.45,35.340624998685,31.55,31.55,12.3,10.824,10.35,10.175316456015,147,145.0362595458,2.31,2.008695652194,1.81,1.6271717171900002,793.2,791.03847122388
05-18-2023,34.4,32.90620347456,14.85,14.29536144564,38.75,34.713541665375004,31,31,12.3,10.824,10.35,10.175316456015,149,147.0095419886,2.2,1.9130434782800003,1.79,1.6091919192100002,786.1,783.95781924999
05-19-2023,32.6,31.18436724624,15,14.439759036,38.4,34.39999999872,30.85,30.85,12.25,10.78,10.4,10.22447257416,147,145.0362595458,2.29,1.991304347846,1.8,1.6181818182,834.15,831.8768794394849
05-22-2023,33.8,32.33225806512,15.05,14.48789156612,36.55,36.55,29.95,29.95,12.25,10.78,10.45,10.273628692305,146,144.0496183244,2.26,1.965217391324,1.78,1.60020202022,810.25,808.042008710475
05-23-2023,33.6,32.14094292864,15.3,14.72855421672,35.8,35.8,30.05,30.05,12.35,10.868,10.35,10.175316456015,145.25,143.30963740835,2.31,2.008695652194,1.8,1.6181818182,813.8,811.5823346974199
05-24-2023,33.95,32.47574441748,15.25,14.6804216866,36.55,36.55,30.5,30.5,12.5,11,10.45,10.273628692305,146,144.0496183244,2.3,2.00000000002,1.78,1.60020202022,811.45,809.2387386215551
05-25-2023,34.15,32.66705955396,15.05,14.48789156612,36.8,36.8,31,31,11.15,11.15,10.45,10.273628692305,146,144.0496183244,2.31,2.008695652194,1.8,1.6181818182,810.2,807.99214496418
05-26-2023,34.6,33.09751861104,15.05,14.48789156612,36.9,36.9,31.05,31.05,11.4,11.4,10.8,10.61772151932,146.25,144.29627862975,2.28,1.982608695672,1.76,1.58222222224,811.05,808.8398286511949
05-29-2023,35,33.480148884,15.25,14.6804216866,37.4,37.4,31.85,31.85,12,12,11,10.8143459919,150,147.99618321,2.29,1.991304347846,1.8,1.6181818182,973.25,970.5978216321748
05-30-2023,35.7,34.14975186168,15.9,15.30614457816,38.1,38.1,31.85,31.85,12,12,11.2,11.01097046448,154,151.9427480956,2.31,2.008695652194,1.8,1.6181818182,1035.6,1032.77791326204
05-31-2023,36,34.4367245664,16.6,15.979999999840002,37.9,37.9,31.8,31.8,12.1,12.1,11.35,11.158438818915,151.75,149.72280534745,2.36,2.052173913064,1.91,1.71707070709,1028.4,1025.59753379556
06-01-2023,,,,,,,,,,,,,,,,,,,1123,1119.9397417857
06-02-2023,37,35.3933002488,16.95,16.316927710679998,38.15,38.15,31.9,31.9,12.1,12.1,11.6,11.40421940964,154.75,152.68272901165,2.3,2.00000000002,1.94,1.74404040406,1106.6,1103.58443300094
06-05-2023,37.45,35.82375930588,16.95,16.316927710679998,38.4,38.4,31.9,31.9,12.1,12.1,11.8,11.60084388222,163.5,161.3158396989,2.33,2.026086956542,1.97,1.77101010103,1129.15,1126.0729825799851
06-06-2023,37.65,36.01507444236,17,16.3650602408,38.5,38.5,31.85,31.85,12,12,11.8,11.60084388222,165,162.795801531,2.38,2.069565217412,1.96,1.76202020204,1155.05,1151.9024031607948
06-07-2023,38.8,37.11513647712,16.95,16.316927710679998,38.35,38.35,31.8,31.8,12.1,12.1,11.7,11.50253164593,162.75,160.57585878285,2.32,2.017391304368,1.91,1.71707070709,1192.65,1189.399940374635
06-08-2023,39.75,38.0238833754,16.7,16.07626506008,38.05,38.05,31.9,31.9,12.25,12.25,11.45,11.256751055205,162.5,160.3291984775,2.31,2.008695652194,1.94,1.74404040406,1178.8,1175.58768265092
06-09-2023,39.9,38.16736972776,16.6,15.979999999840002,37.9,37.9,31.8,31.8,12.2,12.2,11.55,11.355063291495,165.25,163.04246183635,2.3,2.00000000002,1.99,1.7889898990100002,1165.95,1162.772699853105
06-12-2023,39.65,37.92822580716,15.75,15.1617469878,37.85,37.85,31.55,31.55,12.2,12.2,11.6,11.40421940964,167,164.7690839738,2.36,2.052173913064,2.02,1.81595959598,1224.1,1220.76423679419
06-13-2023,39.6,37.88039702304,15.05,14.48789156612,37.1,37.1,31,31,12.25,12.25,11.75,11.551687764075,165,162.795801531,2.3,2.00000000002,2,1.797979798,1232.9,1229.54025614211
06-14-2023,39.75,38.0238833754,14.95,14.39162650588,37.1,37.1,31,31,12.2,12.2,11.75,11.551687764075,163,160.8225190882,2.32,2.017391304368,2,1.797979798,1192.2,1188.95116665798
06-15-2023,39.45,37.73691067068,14.85,14.29536144564,37.1,37.1,29.5,29.5,12.25,12.25,11.7,11.50253164593,160.5,158.3559160347,2.32,2.017391304368,1.99,1.7889898990100002,1164.3,1161.12719622537
06-16-2023,39.3,37.59342431832,14.9,14.34349397576,37.15,37.15,29.45,29.45,12.2,12.2,11.55,11.355063291495,158.75,156.62929389725,2.31,2.008695652194,1.98,1.78000000002,1215.35,1212.038081192565
06-19-2023,39.45,37.73691067068,16.05,15.45054216852,37.5,37.5,29.5,29.5,12.2,12.2,11.6,11.40421940964,155,152.929389317,2.3,2.00000000002,1.81,1.81,1296.3,1292.76748644417
06-20-2023,38.65,36.97165012476,16.25,15.643072289,37.9,37.9,29.35,29.35,12.1,12.1,11.7,11.50253164593,151.5,149.4761450421,2.33,2.026086956542,1.81,1.81,1328.9,1325.27864902851
06-21-2023,39.1,37.40210918184,16.8,16.17253012032,37.85,37.85,29.45,29.45,12.2,12.2,11.75,11.551687764075,152.25,150.21612595815,2.3,2.00000000002,1.83,1.83,1250.8,1247.3914773157198
06-22-2023,38.2,36.54119106768,17.45,16.79825301188,37.45,37.45,29.5,29.5,12.35,12.35,11.75,11.551687764075,152,149.9694656528,2.32,2.017391304368,1.79,1.79,1273.9,1270.4285281040102
06-23-2023,38.95,37.25862282948,17.5,16.846385542,37.5,37.5,29.5,29.5,12.3,12.3,11.75,11.551687764075,152,149.9694656528,2.39,2.0782608695860003,1.81,1.81,1232.05,1228.692572455095
06-26-2023,39.1,37.40210918184,17.5,16.846385542,37.5,37.5,29.3,29.3,12.2,12.2,11.75,11.551687764075,154,151.9427480956,2.3,2.00000000002,1.82,1.82,1336.55,1332.907802211645
06-27-2023,38.95,37.25862282948,17.4,16.75012048176,38.75,38.75,29.45,29.45,12.25,12.25,11.7,11.50253164593,156.25,154.16269084375,2.29,1.991304347846,1.79,1.79,1361.4,1357.69008412026
06-28-2023,,,,,,,,,,,,,,,,,,,1346.2,1342.53150524658
06-29-2023,38.4,36.73250620416,17.45,16.79825301188,38.75,38.75,29.45,29.45,12.25,12.25,11.7,11.50253164593,158.25,156.13597328655,2.29,1.991304347846,1.78,1.78,,
06-30-2023,38.85,37.16296526124,17.5,16.846385542,38.25,38.25,29.3,29.3,12.2,12.2,11.8,11.60084388222,155,152.929389317,2.31,2.008695652194,1.8,1.8,1383.05,1379.2810862659949
07-03-2023,38.85,37.16296526124,17.75,17.0870481926,38.3,38.3,29.3,29.3,12.15,12.15,11.85,11.650000000365,160,157.862595424,2.32,2.017391304368,1.8,1.8,1376.65,1372.8985267402352
07-04-2023,38.3,36.63684863592,17.8,17.13518072272,39.2,39.2,29.45,29.45,12.2,12.2,12,11.7974683548,156.5,154.4093511491,2.3,2.00000000002,1.78,1.78,1341.95,1338.293086811505
07-05-2023,38.95,37.25862282948,17.7,17.03891566248,39.25,39.25,29.3,29.3,12.1,12.1,12.1,11.89578059109,157.25,155.14933206515,2.31,2.008695652194,1.81,1.81,1357.1,1353.40180193889
07-06-2023,39.5,37.7847394548,17.85,17.18331325284,39.85,39.85,29.15,29.15,12.05,12.05,12.3,12.09240506367,160,157.862595424,2.35,2.04347826089,1.83,1.83,1327.85,1324.2315103563149
07-07-2023,39.4,37.68908188656,18.9,18.19409638536,40,40,29.15,29.15,12.2,12.2,12.1,11.89578059109,158.75,156.62929389725,2.32,2.017391304368,1.84,1.84,1318.5,1314.90698979915
07-10-2023,39.25,37.5455955342,19.55,18.81981927692,40.85,40.85,29.05,29.05,12.2,12.2,12.1,11.89578059109,157.75,155.64265267585,2.32,2.017391304368,1.86,1.86,1272.2,1268.73316072998
07-11-2023,39.4,37.68908188656,19.7,18.96421686728,41.55,41.55,29,29,12.05,12.05,12.15,11.944936709235,160,157.862595424,2.33,2.026086956542,1.85,1.85,1352.1,1348.41542730939
07-12-2023,39.5,37.7847394548,19.7,18.96421686728,42.5,42.5,29.1,29.1,12.05,12.05,12.15,11.944936709235,161.75,159.58921756145,2.31,2.008695652194,1.86,1.86,1391.6,1387.8077868824398
07-13-2023,39.35,37.64125310244,19.4,18.67542168656,43,43,29.85,29.85,12,12,12.2,11.99409282738,164.25,162.05582061495,2.39,2.0782608695860003,1.86,1.86,1378.95,1375.192259069805
07-14-2023,39.85,38.11954094364,19.2,18.48289156608,43.05,43.05,30.15,30.15,12.1,12.1,12.2,11.99409282738,164,161.8091603096,2.4,2.08695652176,1.85,1.85,1400.65,1396.833124961835
07-17-2023,39.85,38.11954094364,19.3,18.57915662632,43.5,43.5,31.6,31.6,12.05,12.05,12.2,11.99409282738,165.5,163.2891221417,2.4,2.08695652176,1.84,1.84,1395.65,1391.846750332335
07-18-2023,38.75,37.067307693,18.55,17.85716867452,44,44,31.2,31.2,12,12,12.25,12.043248945525,165,162.795801531,2.39,2.0782608695860003,1.84,1.84,1397.4,1393.59198145266
07-19-2023,38.7,37.01947890888,18.15,17.47210843356,44.2,44.2,30.25,30.25,11.9,11.9,12.25,12.043248945525,164.5,162.30248092029998,2.37,2.060869565238,1.82,1.82,1409.9,1406.05791802641
07-20-2023,38.9,37.21079404536,18.05,17.375843373320002,44.25,44.25,29.7,29.7,11.85,11.85,12.35,12.141561181815,164.25,162.05582061495,2.38,2.069565217412,1.8,1.8,1388.2,1384.41705213438
07-21-2023,38.55,36.87599255652,18,17.3277108432,44.45,44.45,29.55,29.55,11.95,11.95,12.35,12.141561181815,160.75,158.60257634005,2.39,2.0782608695860003,1.81,1.81,1402.65,1398.827674813635
07-24-2023,38.25,36.5890198518,17.85,17.18331325284,44.5,44.5,29.45,29.45,12,12,12.25,12.043248945525,,,2.4,2.08695652176,1.83,1.83,1387.05,1383.2701859695949
07-25-2023,38.15,36.49336228356,16.8,16.17253012032,44.9,44.9,29,29,11.95,11.95,12.2,11.99409282738,161.75,159.58921756145,2.4,2.08695652176,1.81,1.81,1431,1427.1004189629
07-26-2023,38.25,36.5890198518,16.15,15.54680722876,42.65,42.65,28.7,28.7,11.9,11.9,12.2,11.99409282738,161.75,159.58921756145,2.39,2.0782608695860003,1.79,1.79,1439.45,1435.527392086755
07-27-2023,38.3,36.63684863592,17.25,16.6057228914,39.7,39.7,28.65,28.65,11.85,11.85,12.25,12.043248945525,164.5,162.30248092029998,2.39,2.0782608695860003,1.83,1.83,1438,1434.0813434442
07-28-2023,38.35,36.68467742004,16.6,15.979999999840002,40.6,40.6,28.55,28.55,11.85,11.85,12.4,12.19071729996,153.5,151.4494274849,2.31,2.008695652194,1.8,1.8,1449.1,1445.15109512169
07-31-2023,38.45,36.78033498828,16.9,16.9,41,41,28.5,28.5,11.9,11.9,12.35,12.141561181815,141,139.1164122174,2.32,2.017391304368,1.85,1.85,1466.3,1462.30422384717
08-01-2023,38.25,36.5890198518,17.35,17.35,41.5,41.5,28.5,28.5,11.95,11.95,12.3,12.09240506367,141.25,139.36307252275,2.37,2.060869565238,1.88,1.88,1467.85,1463.849999982315
08-02-2023,39.2,37.49776675008,16.9,16.9,40.45,40.45,28.6,28.6,11.95,11.95,12.3,12.09240506367,143.25,141.33635496555,2.41,2.0956521739340004,1.89,1.89,1423.75,1423.75
08-03-2023,40.1,38.35868486424,16.8,16.8,40.55,40.55,29,29,12,12,12.35,12.141561181815,145.5,143.5562977137,2.45,2.13043478263,1.87,1.87,1449.7,1449.7
08-04-2023,41.7,39.889205956080005,16.8,16.8,41,41,29.4,29.4,12.05,12.05,12.4,12.19071729996,143,141.0896946602,2.4,2.08695652176,1.91,1.91,1523.85,1523.85
08-07-2023,40.55,38.78914392132,16.75,16.75,41,41,30,30,12,12,12.45,12.239873418105,144.75,142.81631679765,2.4,2.08695652176,1.9,1.9,1603.2,1603.2
08-08-2023,39.35,37.64125310244,16.4,16.4,41,41,29.85,29.85,12.05,12.05,12.45,12.239873418105,141.25,139.36307252275,2.42,2.104347826108,1.89,1.89,1601,1601
08-09-2023,39,37.3064516136,16.35,16.35,41,41,29.25,29.25,12,12,12.45,12.239873418105,144.75,142.81631679765,2.4,2.08695652176,1.88,1.88,1567.15,1567.15
08-10-2023,40,38.263027296,16.15,16.15,41,41,29,29,11.9,11.9,12.45,12.239873418105,139.75,137.88311069065,2.39,2.0782608695860003,1.89,1.89,1558.4,1558.4
08-11-2023,39.25,37.5455955342,16.05,16.05,41,41,28.9,28.9,11.95,11.95,12.45,12.239873418105,138,136.1564885532,2.39,2.0782608695860003,1.89,1.89,1474.5,1474.5
08-14-2023,39,37.3064516136,15.9,15.9,41,41,28.5,28.5,11.75,11.75,12.2,11.99409282738,137,135.1698473318,2.37,2.060869565238,1.9,1.9,1377.85,1377.85
08-15-2023,38.7,37.01947890888,15.9,15.9,40.7,40.7,28.1,28.1,11.7,11.7,12.15,11.944936709235,135,133.196564889,2.37,2.060869565238,1.87,1.87,,
08-16-2023,39,37.3064516136,15,15,40.65,40.65,27.75,27.75,11.7,11.7,12.05,11.846624472945,129.75,128.01669847665,2.36,2.052173913064,1.87,1.87,1461,1461
08-17-2023,38.95,37.25862282948,15.95,15.95,40.75,40.75,27.65,27.65,11.6,11.6,11.95,11.748312236655,132.5,130.7299618355,2.32,2.017391304368,1.87,1.87,1412.65,1412.65
08-18-2023,38.7,37.01947890888,16,16,40.6,40.6,27.5,27.5,11.45,11.45,11.9,11.69915611851,125.25,123.57681298035,2.32,2.017391304368,1.81,1.81,1401.05,1401.05
08-21-2023,38.6,36.92382134064,15.95,15.95,39.05,39.05,27,27,11.55,11.55,11.85,11.650000000365,125,123.330152675,2.38,2.069565217412,1.86,1.86,1397.4,1397.4
08-22-2023,38.55,36.87599255652,15.9,15.9,39.15,39.15,26.95,26.95,11.5,11.5,11.75,11.551687764075,125.25,123.57681298035,2.36,2.052173913064,1.85,1.85,1439.2,1439.2
08-23-2023,36.35,34.77152605524,15.55,15.55,39.45,39.45,26.9,26.9,11.5,11.5,11.8,11.60084388222,126,124.3167938964,2.29,1.991304347846,1.84,1.84,1643.45,1643.45
08-24-2023,37.45,35.82375930588,15.75,15.75,39.45,39.45,25.15,25.15,11.4,11.4,11.6,11.40421940964,135,133.196564889,2.31,2.008695652194,1.8,1.8,1766.95,1766.95
08-25-2023,38.3,36.63684863592,15.5,15.5,39.5,39.5,23.8,23.8,11.4,11.4,11.1,10.91265822819,134.25,132.45658397295,2.3,2.00000000002,1.83,1.83,1734.25,1734.25
08-28-2023,38.45,36.78033498828,15.45,15.45,39.55,39.55,23.8,23.8,11.4,11.4,11.2,11.01097046448,134.75,132.94990458365,2.31,2.008695652194,1.8,1.8,1664.45,1664.45
08-29-2023,38.8,37.11513647712,15.45,15.45,39.5,39.5,23.75,23.75,11.3,11.3,11.35,11.158438818915,132.75,130.97662214085,2.3,2.00000000002,1.82,1.82,1624.6,1624.6
08-30-2023,39.05,37.35428039772,15.5,15.5,39.5,39.5,23.75,23.75,11.6,11.6,11.5,11.30590717335,134.75,132.94990458365,2.21,1.921739130454,1.8,1.8,1610,1610
08-31-2023,39.7,37.97605459128,15.4,15.4,38.85,38.85,23.6,23.6,11.65,11.65,11.7,11.50253164593,135.25,133.44322519435,2.3,2.00000000002,1.87,1.87,1573.7,1573.7
09-01-2023,40,38.263027296,15.1,15.1,38.45,38.45,23.45,23.45,11.85,11.85,11.75,11.551687764075,135.5,133.6898854997,2.34,2.034782608716,1.8,1.8,1652.35,1652.35
09-04-2023,40,38.263027296,15.1,15.1,38.1,38.1,23.45,23.45,12,12,11.75,11.551687764075,134.25,132.45658397295,2.32,2.017391304368,1.8,1.8,1634.4,1634.4
09-05-2023,40,38.263027296,15.1,15.1,38.2,38.2,23.3,23.3,11.95,11.95,11.75,11.551687764075,134.25,132.45658397295,2.3,2.00000000002,1.8,1.8,1619.45,1619.45
09-06-2023,39.95,38.21519851188,15.1,15.1,38.7,38.7,23.35,23.35,11.9,11.9,11.75,11.551687764075,131,129.2500000034,2.31,2.008695652194,1.8,1.8,1647.8,1647.8
09-07-2023,40,38.263027296,15.25,15.25,37.55,37.55,23.4,23.4,11.85,11.85,11.75,11.551687764075,130,128.263358782,2.28,1.982608695672,1.8,1.8,1628,1628
09-08-2023,40,38.263027296,15.5,15.5,37.2,37.2,23.35,23.35,11.8,11.8,11.75,11.551687764075,130.75,129.00333969805,2.35,2.04347826089,1.8,1.8,1620.95,1620.95
09-11-2023,40.4,38.64565756896,15.75,15.75,37.5,37.5,23.45,23.45,11.7,11.7,11.85,11.650000000365,130.5,128.7566793927,2.3,2.00000000002,1.8,1.8,1596.9,1596.9
09-12-2023,40.15,38.40651364836,15.35,15.35,37.5,37.5,23.1,23.1,11.8,11.8,11.75,11.551687764075,130.5,128.7566793927,2.3,2.00000000002,1.86,1.86,1522.65,1522.65
09-13-2023,40.3,38.55000000072,15.3,15.3,37.6,37.6,23.05,23.05,11.85,11.85,11.75,11.551687764075,130.75,129.00333969805,2.31,2.008695652194,1.83,1.83,1517.5,1517.5
09-14-2023,40.3,38.55000000072,15.5,15.5,37.7,37.7,22.65,22.65,11.8,11.8,11.8,11.60084388222,131,129.2500000034,2.29,1.991304347846,1.85,1.85,1541.75,1541.75
09-15-2023,37.4,37.4,15.75,15.75,37.4,37.4,22.3,22.3,11.95,11.95,11.75,11.551687764075,130,130,2.31,2.008695652194,1.83,1.83,1519.45,1519.45
09-18-2023,36.9,36.9,15.6,15.6,37.4,37.4,22.4,22.4,11.9,11.9,11.75,11.551687764075,130,130,2.33,2.026086956542,1.83,1.83,1512.45,1512.45
09-19-2023,37.3,37.3,15.4,15.4,37,37,22.35,22.35,11.85,11.85,11.8,11.60084388222,134,134,2.35,2.04347826089,1.84,1.84,,
09-20-2023,37.15,37.15,15,15,37,37,22.35,22.35,11.85,11.85,11.95,11.748312236655,134,134,2.34,2.034782608716,1.83,1.83,1486.75,1486.75
09-21-2023,37.35,37.35,14.95,14.95,37.15,37.15,22.3,22.3,11.85,11.85,11.85,11.650000000365,133.25,133.25,2.32,2.017391304368,1.81,1.81,1443.25,1443.25
09-22-2023,37.25,37.25,15,15,36.9,36.9,22.35,22.35,11.8,11.8,11.85,11.85,131,131,2.3,2.00000000002,1.83,1.83,1418.25,1418.25
09-25-2023,37.35,37.35,14.95,14.95,36.8,36.8,22.25,22.25,11.95,11.95,11.85,11.85,130.75,130.75,2.33,2.026086956542,1.83,1.83,1378.55,1378.55
09-26-2023,37.5,37.5,14.9,14.9,36.65,36.65,22.05,22.05,11.9,11.9,11.85,11.85,130,130,2.3,2.00000000002,1.82,1.82,1389.85,1389.85
09-27-2023,37.55,37.55,14.7,14.7,36.2,36.2,21.95,21.95,11.85,11.85,11.75,11.75,129.25,129.25,2.28,1.982608695672,1.76,1.76,1390.65,1390.65
09-28-2023,37.7,37.7,14.6,14.6,35.95,35.95,20.9,20.9,11.85,11.85,11.85,11.85,129.25,129.25,2.29,1.991304347846,1.78,1.78,1377.6,1377.6
09-29-2023,37.85,37.85,14.6,14.6,35.55,35.55,20.85,20.85,11.8,11.8,11.95,11.95,131,131,2.3,2.00000000002,1.77,1.77,1446.45,1446.45
10-02-2023,37.65,37.65,14.65,14.65,35.8,35.8,21,21,11.8,11.8,11.85,11.85,131.75,131.75,2.26,1.965217391324,1.76,1.76,,
10-03-2023,37.65,37.65,14.7,14.7,36,36,20.95,20.95,11.85,11.85,11.85,11.85,124,124,2.28,1.982608695672,1.76,1.76,1475.6,1475.6
10-04-2023,37.65,37.65,14.65,14.65,36.05,36.05,20.95,20.95,11.7,11.7,11.95,11.95,131.5,131.5,2.24,1.947826086976,1.72,1.72,1402.9,1402.9
10-05-2023,37.55,37.55,14.5,14.5,36.3,36.3,20.95,20.95,11.55,11.55,11.9,11.9,131.75,131.75,2.22,1.930434782628,1.73,1.73,1400.4,1400.4
10-06-2023,39.1,39.1,14,14,36.55,36.55,20.95,20.95,11.6,11.6,11.9,11.9,124,124,2.3,2.00000000002,1.76,1.76,1470.4,1470.4
10-09-2023,38.95,38.95,14,14,36.2,36.2,20.95,20.95,11.55,11.55,11.9,11.9,130.25,130.25,2.24,1.947826086976,1.74,1.74,1436.1,1436.1
10-10-2023,,,,,,,,,,,,,,,,,,,1450.9,1450.9
10-11-2023,38.9,38.9,13.9,13.9,36.25,36.25,20.95,20.95,11.6,11.6,11.95,11.95,120.25,120.25,2.29,1.991304347846,1.76,1.76,1443.75,1443.75
10-12-2023,38.9,38.9,14,14,36.25,36.25,20.9,20.9,11.6,11.6,11.95,11.95,130,130,2.3,2.00000000002,1.78,1.78,1441.9,1441.9
10-13-2023,38.95,38.95,13.95,13.95,36.45,36.45,20.9,20.9,11.6,11.6,11.9,11.9,126,126,2.29,1.991304347846,1.78,1.78,1444.6,1444.6
10-16-2023,38.7,38.7,13.95,13.95,36.7,36.7,20.65,20.65,11.55,11.55,11.85,11.85,129.25,129.25,2.29,1.991304347846,1.78,1.78,1431.25,1431.25
10-17-2023,39.45,39.45,13.8,13.8,37,37,20.4,20.4,11.65,11.65,12,12,130,130,2.26,1.965217391324,1.76,1.76,1431.75,1431.75
10-18-2023,39.6,39.6,13.8,13.8,37,37,20.05,20.05,11.6,11.6,12,12,135,135,2.22,1.930434782628,1.74,1.74,1427.6,1427.6
10-19-2023,39.8,39.8,13.8,13.8,37.25,37.25,19.9,19.9,11.6,11.6,11.95,11.95,132.25,132.25,2.2,1.9130434782800003,1.77,1.77,1424.65,1424.65
10-20-2023,,,,,,,,,,,,,,,,,,,1400.25,1400.25
10-23-2023,39.55,39.55,13.6,13.6,37,37,19.9,19.9,11.6,11.6,11.95,11.95,131.75,131.75,2.25,1.95652173915,1.76,1.76,1394.5,1394.5
10-24-2023,39.7,39.7,13,13,37.05,37.05,19.85,19.85,11.6,11.6,11.95,11.95,131.5,131.5,2.2,1.9130434782800003,1.77,1.77,,
10-25-2023,39.5,39.5,12.5,12.5,37.95,37.95,19.5,19.5,11.6,11.6,11.8,11.8,132.25,132.25,2.17,1.886956521758,1.74,1.74,1339.5,1339.5
10-26-2023,38.9,38.9,12.45,12.45,37.5,37.5,19.15,19.15,11.75,11.75,11.85,11.85,131.5,131.5,2.14,1.860869565236,1.71,1.71,1333.7,1333.7
10-27-2023,39,39,12.5,12.5,38,38,18.85,18.85,11.8,11.8,11.85,11.85,128.5,128.5,2.29,1.991304347846,1.75,1.75,1382.1,1382.1
10-30-2023,37.3,37.3,12.5,12.5,38,38,18.05,18.05,11.65,11.65,11.7,11.7,127,127,2.31,2.008695652194,1.73,1.73,1395.6,1395.6
10-31-2023,38.55,38.55,12.45,12.45,37.55,37.55,17.5,17.5,11.7,11.7,11.55,11.55,126.75,126.75,2.35,2.04347826089,1.74,1.74,1378.95,1378.95
11-01-2023,39.35,39.35,12.3,12.3,37.2,37.2,17.2,17.2,11.65,11.65,11.55,11.55,126.5,126.5,2.35,2.04347826089,1.77,1.77,1399.4,1399.4
11-02-2023,39.1,39.1,12.1,12.1,37.05,37.05,16.5,16.5,11.55,11.55,11.4,11.4,123,123,2.37,2.060869565238,1.76,1.76,1395.05,1395.05
11-03-2023,37.15,37.15,11.65,11.65,37.1,37.1,16.35,16.35,11.35,11.35,11.45,11.45,126,126,2.29,1.991304347846,1.75,1.75,1384.65,1384.65
11-06-2023,37.75,37.75,11.95,11.95,37,37,16,16,11.3,11.3,11.15,11.15,121.25,121.25,2.34,2.034782608716,1.75,1.75,1397.15,1397.15
11-07-2023,36.65,36.65,12,12,37.25,37.25,15.75,15.75,10.4,10.4,11.25,11.25,120,120,2.32,2.017391304368,1.77,1.77,1396.55,1396.55
11-08-2023,35.8,35.8,12.45,12.45,37.2,37.2,15.95,15.95,10.25,10.25,10.95,10.95,122,122,2.31,2.008695652194,1.78,1.78,1397.9,1397.9
11-09-2023,35.35,35.35,13.3,13.3,37.25,37.25,15.85,15.85,10.2,10.2,10.85,10.85,118.5,118.5,2.3,2.00000000002,1.7,1.7,1394.35,1394.35
11-10-2023,35,35,13.5,13.5,37.3,37.3,16.05,16.05,10.65,10.65,10.75,10.75,119,119,2.3,2.00000000002,1.75,1.75,1398.1,1398.1
11-12-2023,,,,,,,,,,,,,,,,,,,1428,1428
11-13-2023,,,,,,,,,,,,,,,,,,,1421.65,1421.65
11-14-2023,36.4,36.4,13.3,13.3,37.6,37.6,16.95,16.95,11.05,11.05,11.05,11.05,117.75,117.75,2.31,2.008695652194,1.76,1.76,,
11-15-2023,35.65,35.65,13.5,13.5,37.85,37.85,18.45,18.45,11.3,11.3,10.95,10.95,117.75,117.75,2.4,2.08695652176,1.7,1.7,1431.95,1431.95
11-16-2023,35.45,35.45,13.5,13.5,37.95,37.95,19.1,19.1,11.25,11.25,11,11,112.5,112.5,2.31,2.008695652194,1.73,1.73,1456.05,1456.05
11-17-2023,35.65,35.65,13.45,13.45,38,38,19.35,19.35,11.6,11.6,11.05,11.05,113.75,113.75,2.3,2.00000000002,1.7,1.7,1471.35,1471.35
11-20-2023,36.1,36.1,13.4,13.4,38,38,20.25,20.25,11.5,11.5,11.1,11.1,114.25,114.25,2.31,2.008695652194,1.7,1.7,1469.5,1469.5
11-21-2023,36.05,36.05,13.45,13.45,38.15,38.15,20.45,20.45,11.6,11.6,11.3,11.3,114.75,114.75,2.32,2.017391304368,1.75,1.75,1478.3,1478.3
11-22-2023,35.95,35.95,13.7,13.7,38.3,38.3,20.75,20.75,11.5,11.5,11.35,11.35,114.25,114.25,2.3,2.00000000002,1.8,1.8,1433.35,1433.35
11-23-2023,35.9,35.9,13.6,13.6,38.3,38.3,20.35,20.35,11.65,11.65,11.4,11.4,114,114,2.3,2.00000000002,1.75,1.75,1463.7,1463.7
11-24-2023,38.1,38.1,13.7,13.7,38.3,38.3,19.9,19.9,11.5,11.5,11.6,11.6,114.75,114.75,2.3,2.00000000002,1.7,1.7,1461.75,1461.75
11-27-2023,38.35,38.35,13.45,13.45,37.1,37.1,19.7,19.7,11.45,11.45,11.55,11.55,114.25,114.25,2.3,2.00000000002,1.74,1.74,,
11-28-2023,39,39,14,14,37.1,37.1,19.15,19.15,11.5,11.5,11.4,11.4,113.5,113.5,2.3,2.00000000002,1.74,1.74,1448.8,1448.8
11-29-2023,38.85,38.85,14,14,37.8,37.8,18.6,18.6,11.4,11.4,11.55,11.55,114,114,2.3,2.00000000002,1.71,1.71,1467.8,1467.8
11-30-2023,38.9,38.9,14.05,14.05,36.5,36.5,18.85,18.85,11.4,11.4,11.1,11.1,113.25,113.25,2.3,2.00000000002,1.76,1.76,1464.35,1464.35
12-01-2023,39,39,14.05,14.05,38,38,19,19,11.4,11.4,10.95,10.95,113.75,113.75,2.14,2.14,1.82,1.82,1455.2,1455.2
12-04-2023,38.15,38.15,14.5,14.5,38,38,19.1,19.1,11.3,11.3,11.2,11.2,112,112,2.17,2.17,1.73,1.73,1433.55,1433.55
12-05-2023,39.45,39.45,14.8,14.8,37.65,37.65,19.25,19.25,11.3,11.3,11.1,11.1,,,2.06,2.06,1.74,1.74,1433.65,1433.65
12-06-2023,38.7,38.7,14.6,14.6,37.4,37.4,19.25,19.25,11.05,11.05,11.4,11.4,112.25,112.25,2.09,2.09,1.76,1.76,1408.75,1408.75
12-07-2023,38.9,38.9,14.55,14.55,37.75,37.75,19.3,19.3,11.2,11.2,11.45,11.45,112,112,2.04,2.04,1.77,1.77,1430.45,1430.45
12-08-2023,38,38,14.55,14.55,37.9,37.9,19.3,19.3,11.1,11.1,11.5,11.5,111.75,111.75,2.04,2.04,1.76,1.76,1402.15,1402.15
12-11-2023,38.05,38.05,14.5,14.5,37.45,37.45,19.3,19.3,11.2,11.2,11.35,11.35,112,112,2.03,2.03,1.77,1.77,1381.2,1381.2
12-12-2023,,,,,,,,,,,,,,,,,,,1371.9,1371.9
12-13-2023,38.2,38.2,14.45,14.45,36.85,36.85,19.25,19.25,11.1,11.1,11.05,11.05,111.75,111.75,2.02,2.02,1.77,1.77,1401.25,1401.25
12-14-2023,38.3,38.3,14.4,14.4,36.05,36.05,19.1,19.1,11.2,11.2,11.3,11.3,111.5,111.5,2.09,2.09,1.71,1.71,1410.9,1410.9
12-15-2023,39.7,39.7,14.1,14.1,35.7,35.7,19.1,19.1,11.15,11.15,11.3,11.3,111,111,2.07,2.07,1.76,1.76,1384.85,1384.85
12-18-2023,39.65,39.65,13.85,13.85,35.55,35.55,19.3,19.3,11.05,11.05,11.3,11.3,109.75,109.75,2.04,2.04,1.79,1.79,1387.5,1387.5
12-19-2023,39,39,13.5,13.5,35,35,19.65,19.65,10.95,10.95,11.25,11.25,109.5,109.5,2,2,1.92,1.92,1376.6,1376.6
12-20-2023,39.25,39.25,13.5,13.5,34.5,34.5,21.2,21.2,11.25,11.25,11.3,11.3,108.5,108.5,1.99,1.99,1.88,1.88,1373.25,1373.25
12-21-2023,39,39,13.55,13.55,34.25,34.25,21.95,21.95,11.05,11.05,11.2,11.2,108,108,2,2,1.9,1.9,1368,1368
12-22-2023,40,40,13.55,13.55,34,34,21.85,21.85,11.05,11.05,11.2,11.2,114,114,2,2,1.74,1.74,1373.75,1373.75
12-26-2023,,,,,,,,,,,,,,,,,,,1368.55,1368.55
12-27-2023,40.25,40.25,13.6,13.6,33.9,33.9,21.65,21.65,11.2,11.2,11.15,11.15,115,115,2,2,1.84,1.84,1367.15,1367.15
12-28-2023,39.45,39.45,13.7,13.7,33.85,33.85,22,22,11.3,11.3,11.4,11.4,114.25,114.25,2,2,1.88,1.88,1370.3,1370.3